price,address,zip,date,bds,bath,sqft,boro,employed,unemployed,incomeabove100k,incomebelow100k
150000,"4105 Fort Hamilton Pkwy, Brooklyn, NY 11219",11219,8/30/2020,0,1,"1,060",Kings County (Brooklyn),1149461,48699,188640,1067440
5850,"3272 Steinway St, Long Island City, NY 11103",11103,8/31/2020,0,1,"1,070",Queens County,1099996,39401,166650,1015040
699000,"3014 Gunther Ave, Bronx, NY 10469",10469,9/1/2020,0,1,"1,800",Bronx County,565642,32035,44610,621050
22000000,"178 Prince St, New York, NY 10012",10012,9/2/2020,0,1,"11,165",New York County,879665,31973,300250,594060
115000,"424 E 115th St #2A, New York, NY 10029",10029,9/3/2020,0,1,120,New York County,879665,31973,300250,594060
159900,"72-81 113th St #2B, Flushing, NY 11375",11375,9/4/2020,0,1,"122,606",Queens County,1099996,39401,166650,1015040
285000,"305 E 83rd St APT 4-D, New York, NY 10028",10028,9/5/2020,0,1,"18,935",New York County,879665,31973,300250,594060
50000000,"854 5th Ave, New York, NY 10065",10065,9/6/2020,0,1,"20,000",New York County,879665,31973,300250,594060
275000,"225 E 36th St APT 6C, New York, NY 10016",10016,9/7/2020,0,1,"204,638",New York County,879665,31973,300250,594060
88000000,"9 E 71st St, New York, NY 10021",10021,9/8/2020,0,1,"28,000",New York County,879665,31973,300250,594060
14000,"8904 5th Ave, Brooklyn, NY 11209",11209,9/9/2020,0,1,"3,090",Kings County (Brooklyn),1149461,48699,188640,1067440
445000,"319 W 18th St APT 3F, New York, NY 10011",10011,9/10/2020,0,1,"33,900",New York County,879665,31973,300250,594060
109999,"100 W 57th St APT 7Q, New York, NY 10019",10019,9/11/2020,0,1,450,New York County,879665,31973,300250,594060
285000,"25 W 64th St APT 3E, New York, NY 10023",10023,9/12/2020,0,1,450,New York County,879665,31973,300250,594060
165000,"61-41 Saunders St APT B62, Rego Park, NY 11374",11374,9/13/2020,0,1,468,Queens County,1099996,39401,166650,1015040
89900,"1170 Ocean Pkwy APT 7A, Brooklyn, NY 11230",11230,9/14/2020,0,1,500,Kings County (Brooklyn),1149461,48699,188640,1067440
350000,"210 E 63rd St APT 8A, New York, NY 10065",10065,9/15/2020,0,1,500,New York County,879665,31973,300250,594060
569000,"135 E 54th St APT 4A, New York, NY 10022",10022,9/16/2020,0,1,575,New York County,879665,31973,300250,594060
399000,"385 Argyle Rd APT 2A, Brooklyn, NY 11218",11218,9/17/2020,0,1,"59,640",Kings County (Brooklyn),1149461,48699,188640,1067440
10000000,"720 Point Cres, Malba, NY 11357",11357,9/18/2020,0,1,"6,569",Queens County,1099996,39401,166650,1015040
395000,"310 E 49th St APT 10-B, New York, NY 10017",10017,9/19/2020,0,1,600,New York County,879665,31973,300250,594060
249000,"303 E 57th St APT 20K, New York, NY 10022",10022,9/20/2020,0,1,600,New York County,879665,31973,300250,594060
449000,"310 E 23rd St APT 2E, New York, NY 10010",10010,9/21/2020,0,1,"65,393",New York County,879665,31973,300250,594060
199000,"745 E 31st St APT 6M, Brooklyn, NY 11210",11210,9/22/2020,0,1,"82,440",Kings County (Brooklyn),1149461,48699,188640,1067440
365000,"48-10 65th St, Woodside, NY 11377",11377,9/23/2020,0,1,912,Queens County,1099996,39401,166650,1015040
79000000,"12 E 69th St, New York, NY 10021",10021,9/24/2020,6,8,"20,000",New York County,879665,31973,300250,594060
90000000,"432 Park Ave #82, New York, NY 10022",10022,9/25/2020,6,8,"8,054",New York County,879665,31973,300250,594060
66000000,"111 W 57th St PENTHOUSE 72, New York, NY 10019",10019,9/26/2020,4,6,"7,130",New York County,879665,31973,300250,594060
199000,"100 W 57th St APT 10G, New York, NY 10019",10019,9/27/2020,1,2,"1,050",New York County,879665,31973,300250,594060
689000,"1084 2nd Ave #41F, New York, NY 10022",10022,9/28/2020,3,3,"2,200",New York County,879665,31973,300250,594060
65000000,"8 E 62nd St, New York, NY 10065",10065,9/29/2020,6,8,"14,825",New York County,879665,31973,300250,594060
290000,"2 E 55th St #1035, New York, NY 10022",10022,9/30/2020,2,3,"1,262",New York County,879665,31973,300250,594060
67000000,"12 E 63rd St, New York, NY 10065",10065,10/2/2020,7,11,"13,000",New York County,879665,31973,300250,594060
6250000,"43 8th Ave, Brooklyn, NY 11217",11217,10/3/2020,6,5,"5,802",Kings County (Brooklyn),1149461,48699,188640,1067440
27500000,"56 Leonard St PENTHOUSE 53, New York, NY 10013",10013,10/4/2020,4,6,"6,400",New York County,879665,31973,300250,594060
4088000,"21540 27th Ave, Bayside, NY 11360",11360,10/5/2020,6,9,"9,000",Queens County,1099996,39401,166650,1015040
2890000,"4506 Delafield Ave, Bronx, NY 10471",10471,10/6/2020,6,6,"6,500",Bronx County,565642,32035,44610,621050
135000,"46 Circle Loop #D, Staten Island, NY 10304",10304,10/7/2020,3,3,"2,000",Richmond County (Staten Island),213734,8585,55180,173430
299000,"100 W 57th St APT 17J, New York, NY 10019",10019,10/8/2020,2,1,950,New York County,879665,31973,300250,594060
137000,"100 W 57th St #17-B, New York, NY 10019",10019,10/9/2020,1,1,600,New York County,879665,31973,300250,594060
495000,"420 E 51st St, New York, NY 10022",10022,10/10/2020,2,2,"1,075",New York County,879665,31973,300250,594060
1775000,"30 Tricia Way, Staten Island, NY 10307",10307,10/11/2020,5,4,"5,150",Richmond County (Staten Island),213734,8585,55180,173430
249000,"100 W 57th St #11R, New York, NY 10019",10019,10/12/2020,1,1,900,New York County,879665,31973,300250,594060
40000000,"111 Murray St #PH2, New York, NY 10007",10007,10/13/2020,5,11,"7,488",New York County,879665,31973,300250,594060
9500000,"301 E 61st St #19A, New York, NY 10065",10065,10/14/2020,4,4,"2,900",New York County,879665,31973,300250,594060
819500,"123 Albany Ave, Brooklyn, NY 11213",11213,10/15/2020,7,7,"5,036",Kings County (Brooklyn),1149461,48699,188640,1067440
599000,"761 New Jersey Ave, Brooklyn, NY 11207",11207,10/16/2020,4,3,"1,482",Kings County (Brooklyn),1149461,48699,188640,1067440
50000000,"1125 5th Ave, New York, NY 10128",10128,10/17/2020,6,7,"70,820",New York County,879665,31973,300250,594060
1595000,"154 Van Buren St, Brooklyn, NY 11221",11221,10/19/2020,5,4,"2,715",Kings County (Brooklyn),1149461,48699,188640,1067440
33000000,"10 Madison Sq W #18AB, New York, NY 10010",10010,10/21/2020,5,7,"6,769",New York County,879665,31973,300250,594060
299000,"2666 Miles Ave #P1, Bronx, NY 10465",10465,10/22/2020,2,2,"1,234",Bronx County,565642,32035,44610,621050
12500000,"137 W 77th St, New York, NY 10024",10024,10/23/2020,7,10,"7,500",New York County,879665,31973,300250,594060
63250000,"217 W 57th St #113, New York, NY 10019",10019,10/24/2020,5,6,"7,074",New York County,879665,31973,300250,594060
219000,"100 W 57th St #19N, New York, NY 10019",10019,10/25/2020,1,1,900,New York County,879665,31973,300250,594060
519000,"100 W 57th St APT 16C, New York, NY 10019",10019,10/26/2020,3,3,"1,800",New York County,879665,31973,300250,594060
699900,"76 Joline Ave, Staten Island, NY 10307",10307,10/27/2020,5,5,"3,000",Richmond County (Staten Island),213734,8585,55180,173430
289000,"57 Neutral Ave, Staten Island, NY 10306",10306,10/28/2020,3,2,"1,224",Richmond County (Staten Island),213734,8585,55180,173430
699998,"77 Grant Pl, Staten Island, NY 10306",10306,10/29/2020,3,2,"1,040",Richmond County (Staten Island),213734,8585,55180,173430
598000,"191 73rd St #258/9, Brooklyn, NY 11209",11209,10/30/2020,3,2,"1,295",Kings County (Brooklyn),1149461,48699,188640,1067440
75000,"1015 Summit Ave APT 1D, Bronx, NY 10452",10452,10/31/2020,1,1,"36,900",Bronx County,565642,32035,44610,621050
250000,"11860 227th St, Jamaica, NY 11411",11411,11/1/2020,2,1,"1,038",Queens County,1099996,39401,166650,1015040
10500000,"8121 Shore Rd, Brooklyn, NY 11209",11209,11/2/2020,7,8,"10,010",Kings County (Brooklyn),1149461,48699,188640,1067440
300000,"940 Cranford Ave, Bronx, NY 10466",10466,11/5/2020,5,2,"2,560",Bronx County,565642,32035,44610,621050
399999,"218-14 99th Ave, Queens Village, NY 11429",11429,11/6/2020,3,2,"2,692",Queens County,1099996,39401,166650,1015040
3500000,"310 E 46th St PENTHOUSE HJ, New York, NY 10017",10017,11/7/2020,6,5,"4,511",New York County,879665,31973,300250,594060
39950000,"20 W 53rd St, New York, NY 10019",10019,11/9/2020,5,6,"7,381",New York County,879665,31973,300250,594060
8988000,"32 Boulevard, Malba, NY 11357",11357,11/10/2020,6,6,"7,218",Queens County,1099996,39401,166650,1015040
5500000,"14 Peter Ct, Staten Island, NY 10304",10304,11/11/2020,6,8,"13,500",Richmond County (Staten Island),213734,8585,55180,173430
235000,"10764 124th St, Jamaica, NY 11419",11419,11/13/2020,4,2,"1,560",Queens County,1099996,39401,166650,1015040
400000,"604 City Island Ave, Bronx, NY 10464",10464,11/14/2020,3,2,"1,944",Bronx County,565642,32035,44610,621050
310000,"10454 164th St, Jamaica, NY 11433",11433,11/15/2020,5,2,"2,000",Queens County,1099996,39401,166650,1015040
1595000,"1048 73rd St, Brooklyn, NY 11228",11228,11/16/2020,5,4,"2,013",Kings County (Brooklyn),1149461,48699,188640,1067440
298000,"3021 Avenue Z APT 1K, Brooklyn, NY 11235",11235,11/17/2020,2,1,"1,000",Kings County (Brooklyn),1149461,48699,188640,1067440
649000,"401 E 35th St, Brooklyn, NY 11203",11203,11/19/2020,3,2,"1,845",Kings County (Brooklyn),1149461,48699,188640,1067440
729000,"62-49 83rd Pl, Middle Village, NY 11379",11379,11/20/2020,3,1,"2,600",Queens County,1099996,39401,166650,1015040
2095000,"324 Parsons Blvd, Malba, NY 11357",11357,11/21/2020,4,4,"2,800",Queens County,1099996,39401,166650,1015040
9995000,"343 E 18th St, New York, NY 10003",10003,11/22/2020,6,5,"5,900",New York County,879665,31973,300250,594060
469500,"2762 Hone Ave, Bronx, NY 10469",10469,11/23/2020,3,2,"1,250",Bronx County,565642,32035,44610,621050
180000,"157 W 123rd St APT 1A, New York, NY 10027",10027,11/24/2020,1,1,450,New York County,879665,31973,300250,594060
3100000,"31 Giegerich Pl, Staten Island, NY 10307",10307,11/25/2020,6,8,"6,000",Richmond County (Staten Island),213734,8585,55180,173430
325000,"16124 130th Ave, Jamaica, NY 11434",11434,11/27/2020,3,2,"1,892",Queens County,1099996,39401,166650,1015040
175000,"678 Saint Nicholas Ave APT 32, New York, NY 10030",10030,11/28/2020,1,1,"25,986",New York County,879665,31973,300250,594060
675000,"170 E 59th St, Brooklyn, NY 11203",11203,11/29/2020,5,3,"2,459",Kings County (Brooklyn),1149461,48699,188640,1067440
549000,"2135 Homer Ave, Bronx, NY 10473",10473,11/30/2020,3,2,"1,930",Bronx County,565642,32035,44610,621050
399000,"408 W 25th St APT 3RW, New York, NY 10001",10001,12/1/2020,1,1,450,New York County,879665,31973,300250,594060
29995000,"80 Washington Pl, New York, NY 10011",10011,12/2/2020,6,9,"8,757",New York County,879665,31973,300250,594060
624999,"104-32 212th St, Queens Village, NY 11429",11429,12/3/2020,3,3,"3,775",Queens County,1099996,39401,166650,1015040
53000000,"165 Charles St, New York, NY 10014",10014,12/4/2020,6,9,"9,607",New York County,879665,31973,300250,594060
998000,"2606 168th St, Flushing, NY 11358",11358,12/6/2020,4,4,"2,088",Queens County,1099996,39401,166650,1015040
329000,"2826 Bruckner Blvd, Bronx, NY 10465",10465,12/7/2020,6,3,"1,910",Bronx County,565642,32035,44610,621050
42500000,"293 Lafayette St #PH1, New York, NY 10012",10012,12/9/2020,5,7,"7,241",New York County,879665,31973,300250,594060
395000,"322 E 85th St APT 4C, New York, NY 10028",10028,12/11/2020,2,1,"9,895",New York County,879665,31973,300250,594060
359000,"523 W 143rd St APT 2A, New York, NY 10031",10031,12/12/2020,3,2,"1,108",New York County,879665,31973,300250,594060
48000000,"15 Central Park W PENTHOUSE 41, New York, NY 10023",10023,12/13/2020,3,4,"4,024",New York County,879665,31973,300250,594060
595000,"1644 E 37th St, Brooklyn, NY 11234",11234,12/14/2020,3,2,"1,250",Kings County (Brooklyn),1149461,48699,188640,1067440
203625,"1199 E 53rd St APT 7K, Brooklyn, NY 11234",11234,12/15/2020,3,2,"1,200",Kings County (Brooklyn),1149461,48699,188640,1067440
325000,"2090 Madison Ave APT 3E, New York, NY 10037",10037,12/16/2020,3,2,750,New York County,879665,31973,300250,594060
485000,"26 Ellington St, Staten Island, NY 10304",10304,12/17/2020,2,3,896,Richmond County (Staten Island),213734,8585,55180,173430
199000,"422 Thieriot Ave, Bronx, NY 10473",10473,12/18/2020,4,2,"1,600",Bronx County,565642,32035,44610,621050
900000,"154-14 25th Dr, Flushing, NY 11354",11354,12/19/2020,6,3,"2,338",Queens County,1099996,39401,166650,1015040
729000,"1423 E 49th St, Brooklyn, NY 11234",11234,12/20/2020,5,4,"1,872",Kings County (Brooklyn),1149461,48699,188640,1067440
589900,"85 Woehrle Ave, Staten Island, NY 10312",10312,12/21/2020,3,2,"1,472",Richmond County (Staten Island),213734,8585,55180,173430
379900,"14 Beekman St, Staten Island, NY 10302",10302,12/22/2020,3,1,"1,240",Richmond County (Staten Island),213734,8585,55180,173430
759000,"3911 Avenue K, Brooklyn, NY 11210",11210,12/24/2020,5,4,"2,021",Kings County (Brooklyn),1149461,48699,188640,1067440
525000,"19129 Hillside Ave, Hollis, NY 11423",11423,12/25/2020,3,2,"1,909",Queens County,1099996,39401,166650,1015040
549900,"11 Ashwood Ct, Staten Island, NY 10308",10308,12/26/2020,3,2,"1,564",Richmond County (Staten Island),213734,8585,55180,173430
525000,"1042 E 227th St, Bronx, NY 10466",10466,12/27/2020,4,2,"1,224",Bronx County,565642,32035,44610,621050
15900000,"25 W 11th St, New York, NY 10011",10011,12/28/2020,5,6,"4,000",New York County,879665,31973,300250,594060
5999999,"602 158th St, Flushing, NY 11357",11357,12/29/2020,7,10,"7,500",Queens County,1099996,39401,166650,1015040
585000,"348 Burgher Ave, Staten Island, NY 10305",10305,12/30/2020,3,1,988,Richmond County (Staten Island),213734,8585,55180,173430
549000,"125 E 4th St APT 20, New York, NY 10003",10003,12/31/2020,2,1,600,New York County,879665,31973,300250,594060
575000,"20 Xenia St, Staten Island, NY 10305",10305,1/1/2021,3,2,"1,108",Richmond County (Staten Island),213734,8585,55180,173430
45000000,"332 W 11th St, New York, NY 10014",10014,1/2/2021,6,7,"30,000",New York County,879665,31973,300250,594060
5000000,"79 Christopher St, New York, NY 10014",10014,1/4/2021,4,3,"2,144",New York County,879665,31973,300250,594060
850000,"1828 61st St, Brooklyn, NY 11204",11204,1/6/2021,4,3,"1,440",Kings County (Brooklyn),1149461,48699,188640,1067440
9950000,"73 W Washington Pl, New York, NY 10011",10011,1/7/2021,6,9,"8,643",New York County,879665,31973,300250,594060
619000,"60 Raritan Ave, Staten Island, NY 10304",10304,1/8/2021,3,2,"1,280",Richmond County (Staten Island),213734,8585,55180,173430
799900,"563 Darlington Ave, Staten Island, NY 10309",10309,1/9/2021,4,2,"2,024",Richmond County (Staten Island),213734,8585,55180,173430
499000,"5733 Mosholu Ave, Bronx, NY 10471",10471,1/10/2021,4,2,"3,400",Bronx County,565642,32035,44610,621050
349999,"101 Renee Pl, Staten Island, NY 10314",10314,1/11/2021,3,2,"1,344",Richmond County (Staten Island),213734,8585,55180,173430
6000000,"1 John St APT PHD, Brooklyn, NY 11201",11201,1/12/2021,4,4,"2,539",Kings County (Brooklyn),1149461,48699,188640,1067440
500000,"10465 Springfield Blvd, Jamaica, NY 11429",11429,1/13/2021,5,2,"1,842",Queens County,1099996,39401,166650,1015040
49998000,"10 E 62nd St, New York, NY 10065",10065,1/14/2021,10,17,"14,750",New York County,879665,31973,300250,594060
779000,"3138 Avenue W, Brooklyn, NY 11229",11229,1/15/2021,3,2,"1,200",Kings County (Brooklyn),1149461,48699,188640,1067440
699900,"54 Saint Stephens Pl #942/66, Staten Island, NY 10306",10306,1/16/2021,5,2,"1,900",Richmond County (Staten Island),213734,8585,55180,173430
440000,"256 S 4th St APT 31, Brooklyn, NY 11211",11211,1/17/2021,2,1,900,Kings County (Brooklyn),1149461,48699,188640,1067440
59000000,"35 Hudson Yards #PH90, New York, NY 10001",10001,1/18/2021,5,7,"10,171",New York County,879665,31973,300250,594060
1375000,"326 6th Ave APT 2, Brooklyn, NY 11215",11215,1/19/2021,3,2,"1,240",Kings County (Brooklyn),1149461,48699,188640,1067440
55000000,"995 5th Ave, New York, NY 10028",10028,1/20/2021,6,8,"5,042",New York County,879665,31973,300250,594060
300000,"49 White Plains Rd, Bronx, NY 10473",10473,1/21/2021,3,1,990,Bronx County,565642,32035,44610,621050
3500000,"66 Crosby St APT 2E, New York, NY 10012",10012,1/22/2021,2,2,"1,750",New York County,879665,31973,300250,594060
599900,"6659 Bergen Pl, Brooklyn, NY 11220",11220,1/23/2021,4,2,"1,155",Kings County (Brooklyn),1149461,48699,188640,1067440
1180000,"165 Sheldon Ave, Staten Island, NY 10312",10312,1/24/2021,5,4,"3,025",Richmond County (Staten Island),213734,8585,55180,173430
495000,"128 Kenilworth Ave, Staten Island, NY 10312",10312,1/25/2021,3,2,"1,060",Richmond County (Staten Island),213734,8585,55180,173430
450000,"380 Riverside Dr APT 2E, New York, NY 10025",10025,1/26/2021,1,1,"187,588",New York County,879665,31973,300250,594060
150000,"1515 W 7th St APT 4B, Brooklyn, NY 11204",11204,1/27/2021,1,1,800,Kings County (Brooklyn),1149461,48699,188640,1067440
495000,"36-12 109th St, Corona, NY 11368",11368,1/28/2021,4,2,"1,062",Queens County,1099996,39401,166650,1015040
429000,"89-22 210th Pl, Queens Village, NY 11427",11427,1/29/2021,3,2,"1,800",Queens County,1099996,39401,166650,1015040
5999000,"40 Wakefield Rd, Staten Island, NY 10312",10312,1/30/2021,5,7,"11,400",Richmond County (Staten Island),213734,8585,55180,173430
539000,"221 Fanning St, Staten Island, NY 10314",10314,2/1/2021,3,3,"1,182",Richmond County (Staten Island),213734,8585,55180,173430
299000,"100 W 57th St APT 12K, New York, NY 10019",10019,2/3/2021,1,1,950,New York County,879665,31973,300250,594060
1249900,"35 Serena Ct, Staten Island, NY 10312",10312,2/4/2021,6,5,"3,116",Richmond County (Staten Island),213734,8585,55180,173430
9999000,"2458 National Dr, Brooklyn, NY 11234",11234,2/5/2021,5,5,"14,000",Kings County (Brooklyn),1149461,48699,188640,1067440
349000,"60-11 Broadway #4R, Woodside, NY 11377",11377,2/6/2021,3,2,"1,622",Queens County,1099996,39401,166650,1015040
205000,"1200 E 53rd St APT 5F, Brooklyn, NY 11234",11234,2/7/2021,2,1,850,Kings County (Brooklyn),1149461,48699,188640,1067440
450000,"9021 197th St, Jamaica, NY 11423",11423,2/8/2021,5,2,"2,012",Queens County,1099996,39401,166650,1015040
6400000,"438 W 44th St, New York, NY 10036",10036,2/9/2021,6,6,"5,300",New York County,879665,31973,300250,594060
685888,"47 Ilyse Ct, Staten Island, NY 10306",10306,2/10/2021,4,3,"2,075",Richmond County (Staten Island),213734,8585,55180,173430
610000,"201 Corson Ave, Staten Island, NY 10301",10301,2/12/2021,6,2,"2,640",Richmond County (Staten Island),213734,8585,55180,173430
999000,"1426 73rd St, Brooklyn, NY 11228",11228,2/13/2021,5,2,"1,775",Kings County (Brooklyn),1149461,48699,188640,1067440
99900,"2701 Goethals Rd #H-8, Staten Island, NY 10303",10303,2/14/2021,2,2,924,Richmond County (Staten Island),213734,8585,55180,173430
235000,"153-13 121st Ave, Jamaica, NY 11434",11434,2/15/2021,3,2,"1,650",Queens County,1099996,39401,166650,1015040
350000,"307 W 111th St APT 3E, New York, NY 10026",10026,2/16/2021,2,1,740,New York County,879665,31973,300250,594060
3800000,"750 W 232nd St, Bronx, NY 10463",10463,2/17/2021,5,6,"7,000",Bronx County,565642,32035,44610,621050
500000,"192 Legion St, Brooklyn, NY 11212",11212,2/18/2021,3,3,"1,148",Kings County (Brooklyn),1149461,48699,188640,1067440
20000000,"67 Charles St, New York, NY 10014",10014,2/19/2021,4,7,"6,031",New York County,879665,31973,300250,594060
300000,"32-14 108th St, East Elmhurst, NY 11369",11369,2/20/2021,4,2,"1,296",Queens County,1099996,39401,166650,1015040
675000,"180 E 79th St APT 1A, New York, NY 10075",10075,2/21/2021,3,2,"1,250",New York County,879665,31973,300250,594060
549900,"100 Pitney Ave, Staten Island, NY 10309",10309,2/23/2021,3,3,"1,715",Richmond County (Staten Island),213734,8585,55180,173430
334900,"71 Rockland Ave, Staten Island, NY 10306",10306,2/24/2021,3,3,"1,720",Richmond County (Staten Island),213734,8585,55180,173430
759000,"395 Linden Blvd, Brooklyn, NY 11203",11203,2/25/2021,4,3,"1,405",Kings County (Brooklyn),1149461,48699,188640,1067440
330000,"11319 197th St, Jamaica, NY 11412",11412,2/26/2021,4,2,"1,672",Queens County,1099996,39401,166650,1015040
559000,"217 Benziger Ave, Staten Island, NY 10301",10301,2/27/2021,8,2,"1,980",Richmond County (Staten Island),213734,8585,55180,173430
849000,"54 Jasper St, Staten Island, NY 10314",10314,2/28/2021,7,5,"2,391",Richmond County (Staten Island),213734,8585,55180,173430
299500,"4 W 101st St APT 6, New York, NY 10025",10025,3/2/2021,1,1,"35,568",New York County,879665,31973,300250,594060
895000,"5011 11th Ave, Brooklyn, NY 11219",11219,3/3/2021,7,3,"3,312",Kings County (Brooklyn),1149461,48699,188640,1067440
660000,"62 Penn Ave, Staten Island, NY 10306",10306,3/4/2021,3,3,"1,222",Richmond County (Staten Island),213734,8585,55180,173430
388900,"65 N 8th St APT 12, Brooklyn, NY 11249",11249,3/5/2021,2,1,600,Kings County (Brooklyn),1149461,48699,188640,1067440
499000,"673 Vanderbilt Ave APT 2C, Brooklyn, NY 11238",11238,3/6/2021,1,1,"9,340",Kings County (Brooklyn),1149461,48699,188640,1067440
899000,"322 Logan St, Brooklyn, NY 11208",11208,3/7/2021,7,5,"2,800",Kings County (Brooklyn),1149461,48699,188640,1067440
589000,"1122 Rhinelander Ave, Bronx, NY 10461",10461,3/8/2021,3,2,"1,760",Bronx County,565642,32035,44610,621050
72000,"2167 Crotona Ave APT 14, Bronx, NY 10457",10457,3/9/2021,1,1,550,Bronx County,565642,32035,44610,621050
390000,"24 Cyrus Ave, Brooklyn, NY 11229",11229,3/11/2021,3,2,"1,256",Kings County (Brooklyn),1149461,48699,188640,1067440
598000,"83 Laconia Ave, Staten Island, NY 10305",10305,3/12/2021,3,2,988,Richmond County (Staten Island),213734,8585,55180,173430
189000,"5715 Mosholu Ave APT 5H, Bronx, NY 10471",10471,3/13/2021,1,1,800,Bronx County,565642,32035,44610,621050
24500000,"52 E 66th St, New York, NY 10065",10065,3/14/2021,6,9,"8,400",New York County,879665,31973,300250,594060
295000,"252-70 63rd Ave, Little Neck, NY 11362",11362,3/15/2021,3,1,"1,000",Queens County,1099996,39401,166650,1015040
530000,"7115 3rd Ave APT 4D, Brooklyn, NY 11209",11209,3/16/2021,2,1,"12,682",Kings County (Brooklyn),1149461,48699,188640,1067440
63815000,"53 W 53rd St #PH76, New York, NY 10019",10019,3/17/2021,4,4,"7,973",New York County,879665,31973,300250,594060
299900,"3850 Hudson Manor Ter APT 4BE, Bronx, NY 10463",10463,3/18/2021,2,2,"1,200",Bronx County,565642,32035,44610,621050
918888,"56-08 213th St, Oakland Gardens, NY 11364",11364,3/19/2021,3,2,"4,059",Queens County,1099996,39401,166650,1015040
798000,"3413 Avenue T, Brooklyn, NY 11234",11234,3/21/2021,4,2,"2,300",Kings County (Brooklyn),1149461,48699,188640,1067440
1750000,"92 Horatio St, New York, NY 10014",10014,3/22/2021,3,2,"44,385",New York County,879665,31973,300250,594060
490000,"731 Greenwich St APT J31, New York, NY 10014",10014,3/23/2021,1,1,"23,398",New York County,879665,31973,300250,594060
450000,"5 Highview Ave, Staten Island, NY 10301",10301,3/24/2021,3,1,"1,088",Richmond County (Staten Island),213734,8585,55180,173430
498000,"64 Lovell Ave, Staten Island, NY 10314",10314,3/25/2021,3,2,"1,248",Richmond County (Staten Island),213734,8585,55180,173430
57500000,"15 Central Park W #PH43, New York, NY 10023",10023,3/26/2021,3,5,"4,739",New York County,879665,31973,300250,594060
430000,"119-11 197th St, Saint Albans, NY 11412",11412,3/27/2021,4,2,"1,664",Queens County,1099996,39401,166650,1015040
450000,"1134 E 221st St, Bronx, NY 10469",10469,3/28/2021,3,2,"1,690",Bronx County,565642,32035,44610,621050
479900,"81 Beechwood Pl, Staten Island, NY 10314",10314,3/29/2021,3,3,"1,470",Richmond County (Staten Island),213734,8585,55180,173430
28500000,"14 E 11th St, New York, NY 10003",10003,3/30/2021,5,8,"7,411",New York County,879665,31973,300250,594060
1100000,"209-43 36th Ave, Bayside, NY 11361",11361,3/31/2021,5,3,"2,874",Queens County,1099996,39401,166650,1015040
49800000,"157 W 57th St PENTHOUSE 87, New York, NY 10019",10019,4/1/2021,4,5,"6,234",New York County,879665,31973,300250,594060
538800,"112 Lynhurst Ave, Staten Island, NY 10305",10305,4/2/2021,3,2,"1,176",Richmond County (Staten Island),213734,8585,55180,173430
380000,"4160 Murdock Ave, Bronx, NY 10466",10466,4/4/2021,2,2,690,Bronx County,565642,32035,44610,621050
16950000,"313 W 4th St, New York, NY 10014",10014,4/5/2021,5,7,"5,300",New York County,879665,31973,300250,594060
825000,"2033 E 27th St, Brooklyn, NY 11229",11229,4/6/2021,4,2,"1,758",Kings County (Brooklyn),1149461,48699,188640,1067440
22000000,"162 E 92nd St, New York, NY 10128",10128,4/7/2021,5,7,"10,000",New York County,879665,31973,300250,594060
3950000,"2-34 148th St, Whitestone, NY 11357",11357,4/8/2021,5,6,"4,387",Queens County,1099996,39401,166650,1015040
925000,"5316 Oceania St, Oakland Gardens, NY 11364",11364,4/9/2021,3,3,"1,120",Queens County,1099996,39401,166650,1015040
1500000,"419 80th St, Brooklyn, NY 11209",11209,4/10/2021,5,3,"2,999",Kings County (Brooklyn),1149461,48699,188640,1067440
699000,"962 E 55th St, Brooklyn, NY 11234",11234,4/11/2021,5,3,"2,340",Kings County (Brooklyn),1149461,48699,188640,1067440
295000,"9934 Bellaire Pl, Jamaica, NY 11429",11429,4/12/2021,3,1,"1,400",Queens County,1099996,39401,166650,1015040
689000,"2401 Snyder Ave, Brooklyn, NY 11226",11226,4/14/2021,4,2,"1,280",Kings County (Brooklyn),1149461,48699,188640,1067440
399000,"25 W 54th St #6A, New York, NY 10019",10019,4/15/2021,1,1,"72,845",New York County,879665,31973,300250,594060
775000,"6418 136th St, Flushing, NY 11367",11367,4/16/2021,3,2,"1,216",Queens County,1099996,39401,166650,1015040
388000,"442 Caswell Ave #2, Staten Island, NY 10314",10314,4/17/2021,2,2,"1,248",Richmond County (Staten Island),213734,8585,55180,173430
539900,"569 Logan Ave, Bronx, NY 10465",10465,4/18/2021,3,2,"1,798",Bronx County,565642,32035,44610,621050
130000,"941 Jerome Ave APT 2A, Bronx, NY 10452",10452,4/19/2021,1,1,600,Bronx County,565642,32035,44610,621050
585000,"29 Clarence Pl, Staten Island, NY 10306",10306,4/20/2021,3,1,"1,050",Richmond County (Staten Island),213734,8585,55180,173430
995000,"189 19th St, Brooklyn, NY 11232",11232,4/21/2021,3,2,"1,250",Kings County (Brooklyn),1149461,48699,188640,1067440
949888,"158-23 84th Dr, Jamaica, NY 11432",11432,4/22/2021,5,3,"1,626",Queens County,1099996,39401,166650,1015040
23500000,"484 Greenwich St, New York, NY 10013",10013,4/23/2021,4,7,"9,715",New York County,879665,31973,300250,594060
1690000,"5103 Parsons Blvd, Flushing, NY 11355",11355,4/25/2021,5,4,"2,095",Queens County,1099996,39401,166650,1015040
1695000,"28 Old Fulton St #TOWNHOUSE E, Brooklyn, NY 11201",11201,4/26/2021,2,2,"2,100",Kings County (Brooklyn),1149461,48699,188640,1067440
340000,"572 Buchanan Ave #B, Staten Island, NY 10314",10314,4/27/2021,2,1,950,Richmond County (Staten Island),213734,8585,55180,173430
669999,"786 E 40th St, Brooklyn, NY 11210",11210,4/28/2021,3,3,"1,440",Kings County (Brooklyn),1149461,48699,188640,1067440
415000,"110 Thompson St APT 4D, New York, NY 10012",10012,4/29/2021,1,1,"12,750",New York County,879665,31973,300250,594060
660000,"10420 Sutter Ave, Jamaica, NY 11417",11417,4/30/2021,3,2,"1,600",Queens County,1099996,39401,166650,1015040
8500000,"6 Hubert St #1A, New York, NY 10013",10013,5/1/2021,4,6,"4,200",New York County,879665,31973,300250,594060
32500000,"20 E 73rd St, New York, NY 10021",10021,5/2/2021,8,10,"11,371",New York County,879665,31973,300250,594060
399000,"385 Argyle Rd APT 6K, Brooklyn, NY 11218",11218,5/3/2021,1,1,665,Kings County (Brooklyn),1149461,48699,188640,1067440
25000000,"30 Park Pl #78B, New York, NY 10007",10007,5/4/2021,5,7,"5,937",New York County,879665,31973,300250,594060
749900,"199-18 24th Rd, Whitestone, NY 11357",11357,5/5/2021,3,2,"1,032",Queens County,1099996,39401,166650,1015040
300000,"30 Neptune St, Staten Island, NY 10306",10306,5/6/2021,2,1,690,Richmond County (Staten Island),213734,8585,55180,173430
427500,"66 Bartlett Ave, Staten Island, NY 10312",10312,5/8/2021,3,1,984,Richmond County (Staten Island),213734,8585,55180,173430
889000,"1643 Overing St, Bronx, NY 10461",10461,5/9/2021,7,3,"3,272",Bronx County,565642,32035,44610,621050
1100000,"Undisclosed Address, Brooklyn, NY 11223",11223,5/10/2021,5,4,"1,212",Kings County (Brooklyn),1149461,48699,188640,1067440
949900,"321 Mcbaine Ave, Staten Island, NY 10309",10309,5/11/2021,5,6,"2,602",Richmond County (Staten Island),213734,8585,55180,173430
949900,"208 Albany Ave, Brooklyn, NY 11213",11213,5/12/2021,3,3,"1,992",Kings County (Brooklyn),1149461,48699,188640,1067440
299000,"1034 E 212th St, Bronx, NY 10469",10469,5/13/2021,3,2,"2,314",Bronx County,565642,32035,44610,621050
750000,"124 Bionia Ave, Staten Island, NY 10305",10305,5/14/2021,9,3,"3,120",Richmond County (Staten Island),213734,8585,55180,173430
1195000,"938 E 26th St, Brooklyn, NY 11210",11210,5/15/2021,4,4,"1,836",Kings County (Brooklyn),1149461,48699,188640,1067440
988888,"718 Edgegrove Ave, Staten Island, NY 10312",10312,5/16/2021,5,5,"2,994",Richmond County (Staten Island),213734,8585,55180,173430
949900,"3883 Cannon Pl, Bronx, NY 10463",10463,5/17/2021,7,5,"3,906",Bronx County,565642,32035,44610,621050
669900,"26 White Oak Ln, Staten Island, NY 10309",10309,5/19/2021,3,3,"1,960",Richmond County (Staten Island),213734,8585,55180,173430
669000,"466 Winchester Ave, Staten Island, NY 10312",10312,5/20/2021,3,3,"1,360",Richmond County (Staten Island),213734,8585,55180,173430
193900,"360 Barlow Ave APT 33, Staten Island, NY 10308",10308,5/21/2021,1,1,822,Richmond County (Staten Island),213734,8585,55180,173430
644999,"211 College Ave, Staten Island, NY 10314",10314,5/22/2021,3,2,"1,056",Richmond County (Staten Island),213734,8585,55180,173430
2000000,"340 E 18th St, Brooklyn, NY 11226",11226,5/23/2021,7,3,"2,848",Kings County (Brooklyn),1149461,48699,188640,1067440
579900,"335 Crystal Ave, Staten Island, NY 10314",10314,5/24/2021,3,2,"1,230",Richmond County (Staten Island),213734,8585,55180,173430
699000,"1655 Holland Ave, Bronx, NY 10462",10462,5/26/2021,6,2,"2,214",Bronx County,565642,32035,44610,621050
2199000,"99 Clinton St APT 10, Brooklyn, NY 11201",11201,5/27/2021,1,3,"2,700",Kings County (Brooklyn),1149461,48699,188640,1067440
1500000,"231 W 16th St, New York, NY 10011",10011,5/28/2021,2,2,"1,200",New York County,879665,31973,300250,594060
525000,"225 Tysens Ln, Staten Island, NY 10306",10306,5/30/2021,4,2,"1,388",Richmond County (Staten Island),213734,8585,55180,173430
1050000,"264 79th St, Brooklyn, NY 11209",11209,6/1/2021,6,3,"2,820",Kings County (Brooklyn),1149461,48699,188640,1067440
859999,"3121 Corlear Ave, Bronx, NY 10463",10463,6/2/2021,3,4,"2,500",Bronx County,565642,32035,44610,621050
500000,"161 W 105th St APT 5WR, New York, NY 10025",10025,6/3/2021,2,1,875,New York County,879665,31973,300250,594060
800000,"406 E 73rd St APT 4F, New York, NY 10021",10021,6/4/2021,2,1,"1,000",New York County,879665,31973,300250,594060
1250000,"441 76th St, Brooklyn, NY 11209",11209,6/5/2021,4,3,"1,576",Kings County (Brooklyn),1149461,48699,188640,1067440
1128888,"48-03 189th St, Fresh Meadows, NY 11365",11365,6/6/2021,5,3,"1,517",Queens County,1099996,39401,166650,1015040
299900,"165 Nicholas Ave, Staten Island, NY 10302",10302,6/7/2021,3,2,"1,668",Richmond County (Staten Island),213734,8585,55180,173430
499000,"11422 200th St, Jamaica, NY 11412",11412,6/9/2021,3,2,"1,935",Queens County,1099996,39401,166650,1015040
575000,"91-33 86th St, Woodhaven, NY 11421",11421,6/10/2021,3,1,"1,356",Queens County,1099996,39401,166650,1015040
350000,"6200 Riverdale Ave APT 6C, Bronx, NY 10471",10471,6/11/2021,3,2,"1,150",Bronx County,565642,32035,44610,621050
699000,"3087 Alan Pl, Bronx, NY 10465",10465,6/12/2021,5,3,"2,538",Bronx County,565642,32035,44610,621050
828000,"280 Adams Ave, Staten Island, NY 10306",10306,6/13/2021,3,2,"2,550",Richmond County (Staten Island),213734,8585,55180,173430
789000,"41 Santa Monica Ln, Staten Island, NY 10309",10309,6/14/2021,4,4,"2,589",Richmond County (Staten Island),213734,8585,55180,173430
1350000,"134 Douglass St, Brooklyn, NY 11217",11217,6/15/2021,3,3,"1,800",Kings County (Brooklyn),1149461,48699,188640,1067440
400000,"(undisclosed Address), Jamaica, NY 11433",11433,6/16/2021,5,2,"1,600",Queens County,1099996,39401,166650,1015040
275000,"359 Ovington Ave APT E5, Brooklyn, NY 11209",11209,6/17/2021,1,1,810,Kings County (Brooklyn),1149461,48699,188640,1067440
5495000,"137 W 87th St, New York, NY 10024",10024,6/18/2021,5,3,"3,560",New York County,879665,31973,300250,594060
799000,"156-16 89th St, Howard Beach, NY 11414",11414,6/19/2021,3,3,"1,125",Queens County,1099996,39401,166650,1015040
370000,"2835 Webb Ave APT 2C, Bronx, NY 10468",10468,6/20/2021,3,4,"1,600",Bronx County,565642,32035,44610,621050
530000,"350 Bradley Ave, Staten Island, NY 10314",10314,6/21/2021,3,2,"1,426",Richmond County (Staten Island),213734,8585,55180,173430
838000,"1029 80th St #1, Brooklyn, NY 11228",11228,6/22/2021,3,2,"1,232",Kings County (Brooklyn),1149461,48699,188640,1067440
429000,"731 Ilyssa Way, Staten Island, NY 10312",10312,6/23/2021,3,3,"1,510",Richmond County (Staten Island),213734,8585,55180,173430
195000,"11225 34th Ave APT 6C, Corona, NY 11368",11368,6/24/2021,2,1,850,Queens County,1099996,39401,166650,1015040
729000,"218 Allen Ave, Brooklyn, NY 11229",11229,6/25/2021,4,2,"1,976",Kings County (Brooklyn),1149461,48699,188640,1067440
13800000,"313 W 20th St, New York, NY 10011",10011,6/26/2021,8,4,"9,200",New York County,879665,31973,300250,594060
1546088,"2458 E 7th St, Brooklyn, NY 11235",11235,6/27/2021,4,2,"3,056",Kings County (Brooklyn),1149461,48699,188640,1067440
9800000,"(undisclosed Address), Bronx, NY 10471",10471,6/28/2021,7,8,"15,000",Bronx County,565642,32035,44610,621050
2650000,"5 Court Sq W #11A, Long Island City, NY 11101",11101,6/29/2021,3,3,"1,635",Queens County,1099996,39401,166650,1015040
17500000,"88 Remsen St, Brooklyn, NY 11201",11201,6/30/2021,8,13,"8,282",Kings County (Brooklyn),1149461,48699,188640,1067440
545000,"41 Raymond Ave, Staten Island, NY 10314",10314,7/1/2021,3,2,"1,584",Richmond County (Staten Island),213734,8585,55180,173430
769000,"84 Oceanview Pl, Staten Island, NY 10308",10308,7/2/2021,3,3,"1,600",Richmond County (Staten Island),213734,8585,55180,173430
4888888,"4180 Ocean Ave, Brooklyn, NY 11235",11235,7/3/2021,8,5,"7,000",Kings County (Brooklyn),1149461,48699,188640,1067440
10495000,"15 Willow St, Brooklyn, NY 11201",11201,7/4/2021,6,6,"6,200",Kings County (Brooklyn),1149461,48699,188640,1067440
489000,"20 E Reading Ave, Staten Island, NY 10308",10308,7/6/2021,3,2,"1,600",Richmond County (Staten Island),213734,8585,55180,173430
2899999,"1637 E 7th St, Brooklyn, NY 11230",11230,7/7/2021,5,2,"2,684",Kings County (Brooklyn),1149461,48699,188640,1067440
4595000,"439 E 51st St PH 10/11F, New York, NY 10022",10022,7/8/2021,5,4,"73,095",New York County,879665,31973,300250,594060
1599999,"199 Spring St, Staten Island, NY 10304",10304,7/9/2021,4,5,"5,438",Richmond County (Staten Island),213734,8585,55180,173430
400000,"2652 Cropsey Ave, Brooklyn, NY 11214",11214,7/10/2021,2,1,"1,020",Kings County (Brooklyn),1149461,48699,188640,1067440
797888,"1572 W 7th St, Brooklyn, NY 11204",11204,7/11/2021,4,2,"1,820",Kings County (Brooklyn),1149461,48699,188640,1067440
590000,"1792 Merrill St, Bronx, NY 10460",10460,7/12/2021,6,4,"2,110",Bronx County,565642,32035,44610,621050
799000,"657 E 102nd St, Brooklyn, NY 11236",11236,7/13/2021,5,5,"2,140",Kings County (Brooklyn),1149461,48699,188640,1067440
679000,"10733 87th St, Jamaica, NY 11417",11417,7/14/2021,3,3,"1,184",Queens County,1099996,39401,166650,1015040
190000,"1430 Thieriot Ave APT 6D, Bronx, NY 10460",10460,7/15/2021,3,2,"1,100",Bronx County,565642,32035,44610,621050
225000,"1170 Ocean Pkwy APT 7J, Brooklyn, NY 11230",11230,7/16/2021,2,1,"1,050",Kings County (Brooklyn),1149461,48699,188640,1067440
755000,"4-74 48th Ave APT 33A, Long Island City, NY 11109",11109,7/17/2021,2,2,"1,050",Queens County,1099996,39401,166650,1015040
399000,"2296 Richmond Ter, Staten Island, NY 10302",10302,7/18/2021,4,3,"1,800",Richmond County (Staten Island),213734,8585,55180,173430
1685000,"145 Richmond Valley Rd, Staten Island, NY 10309",10309,7/19/2021,5,4,"4,500",Richmond County (Staten Island),213734,8585,55180,173430
4950000,"236 W 26th St APT 2W, New York, NY 10001",10001,7/21/2021,3,4,"4,200",New York County,879665,31973,300250,594060
41000000,"33 E 74th St, New York, NY 10021",10021,7/22/2021,5,6,"10,088",New York County,879665,31973,300250,594060
459000,"138 Lucille Ave, Staten Island, NY 10309",10309,7/23/2021,2,1,"2,000",Richmond County (Staten Island),213734,8585,55180,173430
399000,"1024 166th St APT 3B, Flushing, NY 11357",11357,7/24/2021,3,1,"40,692",Queens County,1099996,39401,166650,1015040
29950000,"10 E 76th St, New York, NY 10021",10021,7/25/2021,7,14,"12,380",New York County,879665,31973,300250,594060
46255000,"53 W 53rd St #62, New York, NY 10019",10019,7/26/2021,4,5,"6,954",New York County,879665,31973,300250,594060
279900,"1867 7th Ave #2A, New York, NY 10026",10026,7/27/2021,2,1,766,New York County,879665,31973,300250,594060
995000,"123 Washington St APT 51D, New York, NY 10006",10006,7/28/2021,2,2,"1,023",New York County,879665,31973,300250,594060
579800,"37 Ardmore Ave, Staten Island, NY 10314",10314,7/29/2021,3,3,"1,224",Richmond County (Staten Island),213734,8585,55180,173430
639000,"97-24 135th Rd, Ozone Park, NY 11417",11417,7/30/2021,4,2,"1,446",Queens County,1099996,39401,166650,1015040
359000,"295 Skyline Dr #C, Staten Island, NY 10304",10304,7/31/2021,3,2,"1,347",Richmond County (Staten Island),213734,8585,55180,173430
388000,"31-90 140th St, Flushing, NY 11354",11354,8/1/2021,2,2,"1,200",Queens County,1099996,39401,166650,1015040
348000,"34-58 90th St #3Q, Jackson Heights, NY 11372",11372,8/2/2021,2,1,950,Queens County,1099996,39401,166650,1015040
265000,"69 79th St #O-D9, Brooklyn, NY 11209",11209,8/3/2021,1,1,750,Kings County (Brooklyn),1149461,48699,188640,1067440
938000,"1050 80th St, Brooklyn, NY 11228",11228,8/4/2021,3,3,"1,328",Kings County (Brooklyn),1149461,48699,188640,1067440
5895000,"139 W 87th St, New York, NY 10024",10024,8/5/2021,4,5,"4,050",New York County,879665,31973,300250,594060
2200000,"40 Woodhaven Ave, Staten Island, NY 10301",10301,8/6/2021,4,3,"2,400",Richmond County (Staten Island),213734,8585,55180,173430
995000,"125 E 63rd St APT 9B, New York, NY 10065",10065,8/7/2021,3,2,"60,748",New York County,879665,31973,300250,594060
899999,"4329 Murray St, Flushing, NY 11355",11355,8/8/2021,3,1,"1,780",Queens County,1099996,39401,166650,1015040
19750000,"435 Broome St, New York, NY 10013",10013,8/9/2021,10,6,"16,889",New York County,879665,31973,300250,594060
749000,"156 Yetman Ave, Staten Island, NY 10307",10307,8/11/2021,3,4,"1,050",Richmond County (Staten Island),213734,8585,55180,173430
200000,"526 W 158th St APT 51, New York, NY 10032",10032,8/12/2021,3,1,900,New York County,879665,31973,300250,594060
745000,"8286 165th St, Queens, NY 11432",11432,8/14/2021,3,2,"1,480",Queens County,1099996,39401,166650,1015040
299900,"901 E 106th St, Brooklyn, NY 11236",11236,8/15/2021,2,2,976,Kings County (Brooklyn),1149461,48699,188640,1067440
71000,"61B Edgewater Park, Bronx, NY 10465",10465,8/16/2021,2,1,700,Bronx County,565642,32035,44610,621050
199900,"84-70 129th St APT 4N, Kew Gardens, NY 11415",11415,8/17/2021,2,2,832,Queens County,1099996,39401,166650,1015040
650000,"90-08 86th Rd, Woodhaven, NY 11421",11421,8/19/2021,5,3,"1,760",Queens County,1099996,39401,166650,1015040
840000,"766 Drew St, Brooklyn, NY 11208",11208,8/22/2021,6,3,"2,240",Kings County (Brooklyn),1149461,48699,188640,1067440
485000,"2506 Devoe Ter, Bronx, NY 10468",10468,8/23/2021,4,2,"2,125",Bronx County,565642,32035,44610,621050
619000,"139 Reid Ave, Staten Island, NY 10305",10305,8/24/2021,2,3,"1,375",Richmond County (Staten Island),213734,8585,55180,173430
1100000,"345 Sprague Ave, Staten Island, NY 10307",10307,8/25/2021,6,5,"3,500",Richmond County (Staten Island),213734,8585,55180,173430
799000,"1637 71st St, Brooklyn, NY 11204",11204,8/26/2021,3,2,"1,046",Kings County (Brooklyn),1149461,48699,188640,1067440
692375,"1349 Myrtle Ave, Brooklyn, NY 11221",11221,8/28/2021,6,3,969,Kings County (Brooklyn),1149461,48699,188640,1067440
400000,"246 E 51st St APT 22, New York, NY 10022",10022,8/29/2021,1,1,575,New York County,879665,31973,300250,594060
925000,"395 Monroe St #1, Brooklyn, NY 11221",11221,8/30/2021,2,2,"1,458",Kings County (Brooklyn),1149461,48699,188640,1067440
789000,"133-28 Denis St, Jamaica, NY 11434",11434,8/31/2021,6,3,"1,760",Queens County,1099996,39401,166650,1015040
359000,"906 Putnam Ave, Brooklyn, NY 11221",11221,9/1/2021,3,2,"1,640",Kings County (Brooklyn),1149461,48699,188640,1067440
499900,"281 Wyona St, Brooklyn, NY 11207",11207,9/2/2021,9,4,"3,075",Kings County (Brooklyn),1149461,48699,188640,1067440
550000,"21-10 33rd Rd #5C, Astoria, NY 11106",11106,9/3/2021,3,2,"1,085",Queens County,1099996,39401,166650,1015040
1349999,"222 89th St, Brooklyn, NY 11209",11209,9/4/2021,2,4,"1,596",Kings County (Brooklyn),1149461,48699,188640,1067440
1500000,"8 Warren Pl, Brooklyn, NY 11201",11201,9/5/2021,2,2,"1,056",Kings County (Brooklyn),1149461,48699,188640,1067440
969999,"8857 19th Ave, Brooklyn, NY 11214",11214,9/6/2021,4,3,"1,584",Kings County (Brooklyn),1149461,48699,188640,1067440
429000,"100 Remsen St APT 3G, Brooklyn, NY 11201",11201,9/7/2021,1,1,"65,920",Kings County (Brooklyn),1149461,48699,188640,1067440
45000000,"157 W 57th St PENTHOUSE 86, New York, NY 10019",10019,9/9/2021,4,6,"6,240",New York County,879665,31973,300250,594060
725000,"45 Central Park N #5B, New York, NY 10026",10026,9/10/2021,3,2,"1,200",New York County,879665,31973,300250,594060
659000,"141 Reid Ave, Staten Island, NY 10305",10305,9/12/2021,2,3,"1,560",Richmond County (Staten Island),213734,8585,55180,173430
199900,"17 Bowen St, Staten Island, NY 10304",10304,9/13/2021,3,2,"1,176",Richmond County (Staten Island),213734,8585,55180,173430
330000,"19018 114th Dr, Saint Albans, NY 11412",11412,9/14/2021,4,2,"1,629",Queens County,1099996,39401,166650,1015040
64900,"803 E 182nd St FLOOR 4E-5, Bronx, NY 10460",10460,9/15/2021,1,1,750,Bronx County,565642,32035,44610,621050
529000,"144-14 123rd Ave, Jamaica, NY 11436",11436,9/16/2021,3,2,812,Queens County,1099996,39401,166650,1015040
1799999,"47 Carol Ct, Staten Island, NY 10309",10309,9/17/2021,6,5,"5,200",Richmond County (Staten Island),213734,8585,55180,173430
599999,"3421 Cannon Pl, Bronx, NY 10463",10463,9/18/2021,3,2,"1,056",Bronx County,565642,32035,44610,621050
499000,"78 Hammock Ln, Staten Island, NY 10312",10312,9/20/2021,3,2,"1,943",Richmond County (Staten Island),213734,8585,55180,173430
398000,"107 Aspen Knolls Way, Staten Island, NY 10312",10312,9/23/2021,3,2,"1,510",Richmond County (Staten Island),213734,8585,55180,173430
220000,"23 Neptune St, Staten Island, NY 10306",10306,9/24/2021,2,1,500,Richmond County (Staten Island),213734,8585,55180,173430
420000,"125 Seneca St, Staten Island, NY 10310",10310,9/25/2021,4,3,"1,192",Richmond County (Staten Island),213734,8585,55180,173430
895000,"142 91st St, Brooklyn, NY 11209",11209,9/26/2021,3,3,"1,600",Kings County (Brooklyn),1149461,48699,188640,1067440
749000,"5 Harden St, Brooklyn, NY 11234",11234,9/27/2021,4,4,"1,800",Kings County (Brooklyn),1149461,48699,188640,1067440
599000,"153 Robin Rd, Staten Island, NY 10305",10305,9/28/2021,3,2,"1,620",Richmond County (Staten Island),213734,8585,55180,173430
770000,"2914 200th St, Flushing, NY 11360",11360,9/29/2021,3,1,"1,376",Queens County,1099996,39401,166650,1015040
2725000,"644 Broadway APT 7E, New York, NY 10012",10012,9/30/2021,2,2,"2,300",New York County,879665,31973,300250,594060
25000000,"30 Park Pl #82, New York, NY 10007",10007,10/1/2021,3,5,"4,538",New York County,879665,31973,300250,594060
679000,"2832 Lasalle Ave, Bronx, NY 10461",10461,10/2/2021,3,3,"1,926",Bronx County,565642,32035,44610,621050
875000,"2111 Haight Ave, Bronx, NY 10461",10461,10/3/2021,4,2,"1,692",Bronx County,565642,32035,44610,621050
395000,"27 Mcdermott Ave, Staten Island, NY 10305",10305,10/4/2021,3,1,"1,140",Richmond County (Staten Island),213734,8585,55180,173430
530000,"91 Elizabeth St, Staten Island, NY 10310",10310,10/5/2021,7,4,"1,632",Richmond County (Staten Island),213734,8585,55180,173430
1499000,"55 W 76th St APT 10, New York, NY 10023",10023,10/7/2021,2,2,"1,169",New York County,879665,31973,300250,594060
649000,"6743 Cooper Ave, Glendale, NY 11385",11385,10/8/2021,3,1,"1,173",Queens County,1099996,39401,166650,1015040
449000,"420 E 51st St APT 3C, New York, NY 10022",10022,10/9/2021,2,2,"155,000",New York County,879665,31973,300250,594060
679000,"276 Midwood St, Brooklyn, NY 11225",11225,10/12/2021,6,4,"2,208",Kings County (Brooklyn),1149461,48699,188640,1067440
559999,"256 Chester St, Brooklyn, NY 11212",11212,10/13/2021,3,3,"1,200",Kings County (Brooklyn),1149461,48699,188640,1067440
777000,"531-533 Clove Rd, Staten Island, NY 10310",10310,10/14/2021,11,4,"2,248",Richmond County (Staten Island),213734,8585,55180,173430
835000,"929 Park Ave #1A, New York, NY 10028",10028,10/15/2021,2,2,800,New York County,879665,31973,300250,594060
350000,"124 E 102nd St APT 6, New York, NY 10029",10029,10/16/2021,3,1,700,New York County,879665,31973,300250,594060
799000,"753A Union St #4, Brooklyn, NY 11215",11215,10/17/2021,2,1,"2,900",Kings County (Brooklyn),1149461,48699,188640,1067440
659000,"24601 91st Ave, Jamaica, NY 11426",11426,10/18/2021,3,2,"1,512",Queens County,1099996,39401,166650,1015040
29995000,"8 E 63rd St, New York, NY 10065",10065,10/19/2021,9,12,"10,000",New York County,879665,31973,300250,594060
994000,"4347 Martha Ave, Bronx, NY 10470",10470,10/20/2021,6,4,"2,640",Bronx County,565642,32035,44610,621050
550000,"123 E 101st St #2B, New York, NY 10029",10029,10/22/2021,3,2,942,New York County,879665,31973,300250,594060
575000,"425 E 63rd St APT E1K, New York, NY 10065",10065,10/23/2021,1,1,550,New York County,879665,31973,300250,594060
230000,"31-22 Union St #2D, Flushing, NY 11354",11354,10/24/2021,2,1,749,Queens County,1099996,39401,166650,1015040
599000,"775 Lafayette Ave APT 14E, Brooklyn, NY 11221",11221,10/25/2021,2,2,986,Kings County (Brooklyn),1149461,48699,188640,1067440
325000,"88 Brooklyn Ave APT C3, Brooklyn, NY 11216",11216,10/26/2021,2,1,868,Kings County (Brooklyn),1149461,48699,188640,1067440
300000,"836 Leland Ave, Bronx, NY 10473",10473,10/27/2021,2,2,950,Bronx County,565642,32035,44610,621050
999000,"5801 213th St, Bayside Hills, NY 11364",11364,10/28/2021,3,2,"1,807",Queens County,1099996,39401,166650,1015040
249900,"150 Featherbed Ln APT 5A, Bronx, NY 10452",10452,10/29/2021,2,2,"1,003",Bronx County,565642,32035,44610,621050
4495000,"352 E 69th St, New York, NY 10021",10021,10/30/2021,3,3,"2,880",New York County,879665,31973,300250,594060
689000,"164 Stonegate Dr, Staten Island, NY 10304",10304,10/31/2021,4,4,"2,490",Richmond County (Staten Island),213734,8585,55180,173430
1625000,"488 Philip Ave, Staten Island, NY 10312",10312,11/1/2021,5,4,"4,800",Richmond County (Staten Island),213734,8585,55180,173430
749000,"379 Main St, Staten Island, NY 10307",10307,11/2/2021,3,3,"2,100",Richmond County (Staten Island),213734,8585,55180,173430
290000,"18601 Henderson Ave, Hollis, NY 11423",11423,11/3/2021,3,2,"1,683",Queens County,1099996,39401,166650,1015040
689000,"4814 Avenue M, Brooklyn, NY 11234",11234,11/4/2021,4,3,"1,600",Kings County (Brooklyn),1149461,48699,188640,1067440
839000,"472 Darlington Ave, Staten Island, NY 10309",10309,11/5/2021,5,5,"2,400",Richmond County (Staten Island),213734,8585,55180,173430
950000,"6130 186th St, Flushing, NY 11365",11365,11/6/2021,4,3,"1,384",Queens County,1099996,39401,166650,1015040
28000000,"30 Grove St, New York, NY 10014",10014,11/7/2021,5,6,"5,864",New York County,879665,31973,300250,594060
1195000,"420 64th St PENTHOUSE 1, Brooklyn, NY 11220",11220,11/8/2021,4,3,"2,200",Kings County (Brooklyn),1149461,48699,188640,1067440
749000,"2560 Bronxwood Ave, Bronx, NY 10469",10469,11/9/2021,5,2,"2,500",Bronx County,565642,32035,44610,621050
415000,"135-16 217th St, Springfield Gardens, NY 11413",11413,11/10/2021,2,1,864,Queens County,1099996,39401,166650,1015040
549900,"175 Willow Rd E, Staten Island, NY 10314",10314,11/12/2021,3,2,950,Richmond County (Staten Island),213734,8585,55180,173430
549900,"108 Tysen St, Staten Island, NY 10301",10301,11/13/2021,3,2,"1,050",Richmond County (Staten Island),213734,8585,55180,173430
265000,"18-40 211th St #4B, Bayside, NY 11360",11360,11/15/2021,2,1,950,Queens County,1099996,39401,166650,1015040
649000,"41 Winchester Ave, Staten Island, NY 10312",10312,11/17/2021,3,3,"1,400",Richmond County (Staten Island),213734,8585,55180,173430
95000,"495 E 178th St APT 2A, Bronx, NY 10457",10457,11/19/2021,1,1,800,Bronx County,565642,32035,44610,621050
10995000,"47 Sidney Pl, Brooklyn, NY 11201",11201,11/20/2021,4,5,"6,172",Kings County (Brooklyn),1149461,48699,188640,1067440
288000,"84 Mclaughlin St, Staten Island, NY 10305",10305,11/21/2021,2,1,570,Richmond County (Staten Island),213734,8585,55180,173430
489000,"748 Rosedale Ave, Bronx, NY 10473",10473,11/22/2021,3,3,"2,272",Bronx County,565642,32035,44610,621050
799000,"634 Powell St, Brooklyn, NY 11212",11212,11/24/2021,3,3,"1,116",Kings County (Brooklyn),1149461,48699,188640,1067440
340000,"2335 Bell Blvd APT 2C, Bayside, NY 11360",11360,11/25/2021,3,2,"1,250",Queens County,1099996,39401,166650,1015040
990000,"8458 159th St, Jamaica, NY 11432",11432,11/26/2021,4,4,"2,100",Queens County,1099996,39401,166650,1015040
749900,"1375 E 99th St, Brooklyn, NY 11236",11236,11/27/2021,6,4,"2,162",Kings County (Brooklyn),1149461,48699,188640,1067440
599000,"848 Park Pl APT 3E, Brooklyn, NY 11216",11216,11/28/2021,4,2,"1,782",Kings County (Brooklyn),1149461,48699,188640,1067440
579000,"17314 108th Ave, Jamaica, NY 11433",11433,11/29/2021,4,3,"2,142",Queens County,1099996,39401,166650,1015040
649000,"327 Beach 68th, Arverne, NY 11692",11692,11/30/2021,8,3,"2,800",Queens County,1099996,39401,166650,1015040
799000,"987 Neill Ave, Bronx, NY 10462",10462,12/2/2021,5,3,"1,944",Bronx County,565642,32035,44610,621050
8950000,"221 W 13th St, New York, NY 10011",10011,12/4/2021,7,7,"4,868",New York County,879665,31973,300250,594060
390000,"1901 Madison Ave APT 404, New York, NY 10035",10035,12/5/2021,2,1,"168,963",New York County,879665,31973,300250,594060
350000,"504 W 135th St #4D, New York, NY 10031",10031,12/6/2021,3,1,890,New York County,879665,31973,300250,594060
410000,"492 Willow Rd W, Staten Island, NY 10314",10314,12/7/2021,3,3,"1,320",Richmond County (Staten Island),213734,8585,55180,173430
2688000,"22 Slocum Cres, Forest Hills, NY 11375",11375,12/9/2021,3,3,"2,680",Queens County,1099996,39401,166650,1015040
549000,"806 Shad Creek Rd, Broad Channel, NY 11693",11693,12/10/2021,3,2,"1,026",Queens County,1099996,39401,166650,1015040
819000,"66 Duncan St, Staten Island, NY 10304",10304,12/11/2021,3,3,"1,440",Richmond County (Staten Island),213734,8585,55180,173430
385000,"19 Elizabeth St, Staten Island, NY 10310",10310,12/12/2021,3,2,"1,302",Richmond County (Staten Island),213734,8585,55180,173430
399000,"4228 Gunther Ave, Bronx, NY 10466",10466,12/13/2021,3,3,"1,208",Bronx County,565642,32035,44610,621050
648000,"8518 89th St, Jamaica, NY 11421",11421,12/14/2021,5,2,"1,368",Queens County,1099996,39401,166650,1015040
1438000,"1680 70th St, Brooklyn, NY 11204",11204,12/15/2021,5,3,"2,500",Kings County (Brooklyn),1149461,48699,188640,1067440
1475000,"755 Quincy St, Brooklyn, NY 11221",11221,12/16/2021,6,4,"2,856",Kings County (Brooklyn),1149461,48699,188640,1067440
615000,"116-12 218th St, Cambria Heights, NY 11411",11411,12/17/2021,3,2,"1,600",Queens County,1099996,39401,166650,1015040
9000000,"171 E 80th St, New York, NY 10075",10075,12/18/2021,5,5,"3,825",New York County,879665,31973,300250,594060
367000,"111-15A 157th St, Jamaica, NY 11433",11433,12/20/2021,3,2,"1,366",Queens County,1099996,39401,166650,1015040
484888,"65 Anaconda St, Staten Island, NY 10312",10312,12/21/2021,2,3,"1,008",Richmond County (Staten Island),213734,8585,55180,173430
1650000,"177 Winthrop St, Brooklyn, NY 11225",11225,12/22/2021,3,2,"2,324",Kings County (Brooklyn),1149461,48699,188640,1067440
7995000,"72 Middagh St, Brooklyn, NY 11201",11201,12/23/2021,4,5,"5,500",Kings County (Brooklyn),1149461,48699,188640,1067440
179000,"946 Hoe Ave APT 3B, Bronx, NY 10459",10459,12/24/2021,3,1,"17,550",Bronx County,565642,32035,44610,621050
355000,"13723 249th St, Jamaica, NY 11422",11422,12/25/2021,5,2,"1,568",Queens County,1099996,39401,166650,1015040
479999,"23 Roosevelt Ct, Staten Island, NY 10314",10314,12/26/2021,3,2,"1,362",Richmond County (Staten Island),213734,8585,55180,173430
995000,"213 Eastern Pkwy #14/16, Brooklyn, NY 11238",11238,12/27/2021,3,2,"1,250",Kings County (Brooklyn),1149461,48699,188640,1067440
749000,"303 E 57th St #41-G, New York, NY 10022",10022,12/28/2021,4,4,"3,300",New York County,879665,31973,300250,594060
980000,"42 Almond St, Staten Island, NY 10312",10312,12/30/2021,7,4,"3,888",Richmond County (Staten Island),213734,8585,55180,173430
1600000,"1526 E 12th St, Brooklyn, NY 11230",11230,12/31/2021,7,6,"2,840",Kings County (Brooklyn),1149461,48699,188640,1067440
9950000,"141 State St, Brooklyn, NY 11201",11201,1/1/2022,6,5,"7,600",Kings County (Brooklyn),1149461,48699,188640,1067440
874900,"375 Tennyson Dr, Staten Island, NY 10312",10312,1/2/2022,2,2,"1,236",Richmond County (Staten Island),213734,8585,55180,173430
349900,"186 Norfolk St, Brooklyn, NY 11235",11235,1/3/2022,3,2,924,Kings County (Brooklyn),1149461,48699,188640,1067440
499000,"1172 Adee Ave, Bronx, NY 10469",10469,1/4/2022,3,3,"1,120",Bronx County,565642,32035,44610,621050
549900,"843 Crotona Park N, Bronx, NY 10460",10460,1/5/2022,5,3,"2,180",Bronx County,565642,32035,44610,621050
899000,"190 E 72nd St APT 33D, New York, NY 10021",10021,1/6/2022,4,3,"2,000",New York County,879665,31973,300250,594060
1125000,"200 E End Ave APT 9M, New York, NY 10128",10128,1/7/2022,3,2,"254,928",New York County,879665,31973,300250,594060
999000,"7534 60th Ln, Glendale, NY 11385",11385,1/10/2022,7,3,"3,300",Queens County,1099996,39401,166650,1015040
769000,"1763 E 33rd St, Brooklyn, NY 11234",11234,1/11/2022,3,2,"1,776",Kings County (Brooklyn),1149461,48699,188640,1067440
1175000,"61-23 69th Ln, Middle Village, NY 11379",11379,1/12/2022,4,3,"2,905",Queens County,1099996,39401,166650,1015040
799900,"102-30 66th Rd #27D, Forest Hills, NY 11375",11375,1/13/2022,3,3,"1,600",Queens County,1099996,39401,166650,1015040
22000000,"26 E 73rd St, New York, NY 10021",10021,1/14/2022,5,8,"7,500",New York County,879665,31973,300250,594060
760000,"81-62 59 #2968-0060, Middle Village, NY 11379",11379,1/15/2022,3,2,"2,016",Queens County,1099996,39401,166650,1015040
560000,"303 E 57th St APT 24B, New York, NY 10022",10022,1/16/2022,2,2,"1,300",New York County,879665,31973,300250,594060
410000,"492 Willow Rd, Staten Island, NY 10314",10314,1/17/2022,3,2,"1,320",Richmond County (Staten Island),213734,8585,55180,173430
250000,"1091 Bushwick Ave APT 3D, Brooklyn, NY 11221",11221,1/18/2022,1,1,"12,480",Kings County (Brooklyn),1149461,48699,188640,1067440
479000,"33 Tier St APT B2, Bronx, NY 10464",10464,1/19/2022,2,2,"1,200",Bronx County,565642,32035,44610,621050
475000,"3263 Giegerich Pl, Bronx, NY 10465",10465,1/20/2022,3,2,"1,368",Bronx County,565642,32035,44610,621050
1795000,"922 Albemarle Rd, Brooklyn, NY 11218",11218,1/23/2022,5,3,"2,729",Kings County (Brooklyn),1149461,48699,188640,1067440
19725000,"53 W 53rd St APT 55A, New York, NY 10019",10019,1/24/2022,3,4,"3,846",New York County,879665,31973,300250,594060
4500000,"345 W 19th St, New York, NY 10011",10011,1/25/2022,5,6,"4,168",New York County,879665,31973,300250,594060
2395000,"174 Hicks St #3, Brooklyn, NY 11201",11201,1/26/2022,2,2,"4,068",Kings County (Brooklyn),1149461,48699,188640,1067440
886800,"15443 S 24th Rd, Whitestone, NY 11357",11357,1/27/2022,3,1,"1,050",Queens County,1099996,39401,166650,1015040
650000,"1772 80th St, Brooklyn, NY 11214",11214,1/28/2022,4,2,960,Kings County (Brooklyn),1149461,48699,188640,1067440
699000,"268 E 4th St APT 5CD, New York, NY 10009",10009,1/29/2022,3,2,"9,100",New York County,879665,31973,300250,594060
869000,"56-23 212th St, Oakland Gardens, NY 11364",11364,1/30/2022,4,3,"1,418",Queens County,1099996,39401,166650,1015040
1750000,"60 W 13th St APT 13A, New York, NY 10011",10011,1/31/2022,2,2,"1,200",New York County,879665,31973,300250,594060
715000,"8424 115th St, Kew Gardens, NY 11418",11418,2/1/2022,4,3,"1,760",Queens County,1099996,39401,166650,1015040
382000,"226 E 12th St APT 1F, New York, NY 10003",10003,2/2/2022,1,1,450,New York County,879665,31973,300250,594060
60000,"814 Tilden St #1A, Bronx, NY 10467",10467,2/3/2022,1,1,650,Bronx County,565642,32035,44610,621050
1150000,"151-19 14th Ave, Whitestone, NY 11357",11357,2/4/2022,5,2,"1,425",Queens County,1099996,39401,166650,1015040
1149000,"1227 78th St, Brooklyn, NY 11228",11228,2/5/2022,3,2,"1,500",Kings County (Brooklyn),1149461,48699,188640,1067440
579900,"246 Grasmere Dr, Staten Island, NY 10305",10305,2/6/2022,3,3,"1,690",Richmond County (Staten Island),213734,8585,55180,173430
510000,"3009 Edson Ave, Bronx, NY 10469",10469,2/7/2022,3,3,"1,674",Bronx County,565642,32035,44610,621050
3995000,"52 2nd Pl, Brooklyn, NY 11231",11231,2/8/2022,5,4,"3,072",Kings County (Brooklyn),1149461,48699,188640,1067440
1900000,"55 S Elliott Pl, Brooklyn, NY 11217",11217,2/9/2022,5,3,"3,150",Kings County (Brooklyn),1149461,48699,188640,1067440
750000,"163 E 81st St #2C, New York, NY 10028",10028,2/10/2022,2,2,"59,149",New York County,879665,31973,300250,594060
359000,"10 Meadow Pl APT G, Staten Island, NY 10306",10306,2/12/2022,2,2,996,Richmond County (Staten Island),213734,8585,55180,173430
298888,"216-10 47th Ave #1B, Bayside, NY 11361",11361,2/13/2022,2,1,"105,000",Queens County,1099996,39401,166650,1015040
275000,"105-25 67th Ave APT 3D, Forest Hills, NY 11375",11375,2/14/2022,1,1,805,Queens County,1099996,39401,166650,1015040
299000,"225 S 3rd St APT 2, Brooklyn, NY 11211",11211,2/15/2022,1,1,400,Kings County (Brooklyn),1149461,48699,188640,1067440
289000,"67-25 Clyde St #4G, Forest Hills, NY 11375",11375,2/17/2022,1,2,750,Queens County,1099996,39401,166650,1015040
899888,"2017 77th St, Brooklyn, NY 11214",11214,2/18/2022,3,3,"1,280",Kings County (Brooklyn),1149461,48699,188640,1067440
529000,"852 Nugent Ave, Staten Island, NY 10306",10306,2/19/2022,3,3,"1,600",Richmond County (Staten Island),213734,8585,55180,173430
299000,"2785 Ocean Pkwy APT 1H, Brooklyn, NY 11235",11235,2/20/2022,3,2,"1,100",Kings County (Brooklyn),1149461,48699,188640,1067440
649000,"1838 Schieffelin Ave, Bronx, NY 10466",10466,2/21/2022,5,4,"1,806",Bronx County,565642,32035,44610,621050
1400000,"105 Gates Ave #1-8, Brooklyn, NY 11238",11238,2/22/2022,9,8,"4,000",Kings County (Brooklyn),1149461,48699,188640,1067440
599000,"1177 E 82nd St, Brooklyn, NY 11236",11236,2/23/2022,3,2,"1,120",Kings County (Brooklyn),1149461,48699,188640,1067440
1198000,"11022 63rd Dr, Flushing, NY 11375",11375,2/24/2022,4,2,"1,750",Queens County,1099996,39401,166650,1015040
520000,"11415 118th St, Jamaica, NY 11420",11420,2/26/2022,7,3,"1,840",Queens County,1099996,39401,166650,1015040
490000,"240 E 24th St APT 4E, New York, NY 10010",10010,2/27/2022,1,1,600,New York County,879665,31973,300250,594060
1275000,"108 Longview Rd, Staten Island, NY 10304",10304,2/28/2022,3,3,"3,002",Richmond County (Staten Island),213734,8585,55180,173430
6750000,"120 E 10th St, New York, NY 10003",10003,3/1/2022,14,9,"3,920",New York County,879665,31973,300250,594060
1489000,"61 Marine Ave, Brooklyn, NY 11209",11209,3/3/2022,3,2,"1,596",Kings County (Brooklyn),1149461,48699,188640,1067440
995000,"150 Joralemon St #11C, Brooklyn, NY 11201",11201,3/4/2022,2,2,800,Kings County (Brooklyn),1149461,48699,188640,1067440
11750000,"9 Saint Lukes Pl, New York, NY 10014",10014,3/5/2022,5,6,"4,575",New York County,879665,31973,300250,594060
5950000,"12 W 72nd St APT 20B, New York, NY 10023",10023,3/6/2022,3,3,"2,000",New York County,879665,31973,300250,594060
265000,"3850 Sedgwick Ave APT 7A, Bronx, NY 10463",10463,3/7/2022,2,1,750,Bronx County,565642,32035,44610,621050
445000,"7115 3rd Ave APT 3D, Brooklyn, NY 11209",11209,3/8/2022,2,1,"12,682",Kings County (Brooklyn),1149461,48699,188640,1067440
550000,"100 W 57th St APT 5J, New York, NY 10019",10019,3/9/2022,2,2,"1,200",New York County,879665,31973,300250,594060
495000,"454 W 50th St APT 3F, New York, NY 10019",10019,3/10/2022,1,1,650,New York County,879665,31973,300250,594060
719900,"113-11 Babbage St, Richmond Hill, NY 11418",11418,3/11/2022,3,2,"1,275",Queens County,1099996,39401,166650,1015040
699000,"117 E 237th St, Bronx, NY 10470",10470,3/13/2022,4,3,"2,052",Bronx County,565642,32035,44610,621050
225000,"1270 E 51st St APT 7Y, Brooklyn, NY 11234",11234,3/14/2022,2,1,"149,521",Kings County (Brooklyn),1149461,48699,188640,1067440
629000,"421 Thieriot Ave, Bronx, NY 10473",10473,3/15/2022,4,2,"1,944",Bronx County,565642,32035,44610,621050
499000,"380 E 48th St, Brooklyn, NY 11203",11203,3/16/2022,3,1,"1,328",Kings County (Brooklyn),1149461,48699,188640,1067440
2199000,"53 Remsen St APT 2, Brooklyn, NY 11201",11201,3/17/2022,2,2,"5,269",Kings County (Brooklyn),1149461,48699,188640,1067440
599000,"1846 Kimball St, Brooklyn, NY 11234",11234,3/18/2022,3,2,"1,064",Kings County (Brooklyn),1149461,48699,188640,1067440
665000,"97 Grant Ave, Brooklyn, NY 11208",11208,3/19/2022,3,4,"1,486",Kings County (Brooklyn),1149461,48699,188640,1067440
688888,"33-14 204th St, Bayside, NY 11361",11361,3/20/2022,3,2,960,Queens County,1099996,39401,166650,1015040
550000,"90 Wright St, Staten Island, NY 10304",10304,3/23/2022,3,3,"1,092",Richmond County (Staten Island),213734,8585,55180,173430
585000,"15 Sperry Pl, Staten Island, NY 10312",10312,3/24/2022,3,4,"1,900",Richmond County (Staten Island),213734,8585,55180,173430
899000,"2929 Brighton 3 St, Brooklyn, NY 11235",11235,3/25/2022,4,3,"1,365",Kings County (Brooklyn),1149461,48699,188640,1067440
430000,"2423 Glebe Ave, Bronx, NY 10461",10461,3/26/2022,4,2,"1,600",Bronx County,565642,32035,44610,621050
890000,"17532 Underhill Ave, Fresh Meadows, NY 11365",11365,3/27/2022,2,2,836,Queens County,1099996,39401,166650,1015040
929000,"2040 E 68th St, Brooklyn, NY 11234",11234,3/28/2022,5,3,"2,000",Kings County (Brooklyn),1149461,48699,188640,1067440
589000,"3240 Radcliff Ave, Bronx, NY 10469",10469,3/29/2022,4,3,"1,737",Bronx County,565642,32035,44610,621050
399000,"575 Park Ave APT 1403, New York, NY 10065",10065,3/31/2022,1,1,800,New York County,879665,31973,300250,594060
650000,"89-59 212th St, Queens Village, NY 11427",11427,4/1/2022,4,3,"3,230",Queens County,1099996,39401,166650,1015040
1350000,"214 Saint Johns Pl APT 3, Brooklyn, NY 11217",11217,4/2/2022,2,1,"1,300",Kings County (Brooklyn),1149461,48699,188640,1067440
399900,"445 Revere Ave, Bronx, NY 10465",10465,4/3/2022,2,1,891,Bronx County,565642,32035,44610,621050
865000,"2358 E 70th St, Brooklyn, NY 11234",11234,4/4/2022,3,3,"1,836",Kings County (Brooklyn),1149461,48699,188640,1067440
749000,"11416 135th Ave, Jamaica, NY 11420",11420,4/5/2022,3,3,"1,444",Queens County,1099996,39401,166650,1015040
370000,"10710 142nd St, Jamaica, NY 11435",11435,4/6/2022,4,2,"1,568",Queens County,1099996,39401,166650,1015040
679000,"35 Bay St, Bronx, NY 10464",10464,4/8/2022,3,1,"1,036",Bronx County,565642,32035,44610,621050
1399000,"11752 127th St, Jamaica, NY 11420",11420,4/10/2022,6,5,"1,104",Queens County,1099996,39401,166650,1015040
400000,"230 E 79th St APT 12F, New York, NY 10075",10075,4/11/2022,1,1,"88,231",New York County,879665,31973,300250,594060
3550000,"554 4th St, Brooklyn, NY 11215",11215,4/12/2022,5,3,"3,360",Kings County (Brooklyn),1149461,48699,188640,1067440
75000,"920 Metcalf Ave APT 17K, Bronx, NY 10473",10473,4/13/2022,1,1,675,Bronx County,565642,32035,44610,621050
27500000,"22 E 67th St, New York, NY 10065",10065,4/15/2022,7,12,"13,300",New York County,879665,31973,300250,594060
319000,"1200 East Ml #53, Brooklyn, NY 11234",11234,4/16/2022,3,2,"1,300",Kings County (Brooklyn),1149461,48699,188640,1067440
679000,"1570 Charlotte St, Bronx, NY 10460",10460,4/17/2022,3,3,"2,700",Bronx County,565642,32035,44610,621050
2995000,"340 6th Ave, Brooklyn, NY 11215",11215,4/18/2022,10,4,"4,760",Kings County (Brooklyn),1149461,48699,188640,1067440
335000,"135-34 234th St, Rosedale, NY 11422",11422,4/19/2022,4,2,"1,344",Queens County,1099996,39401,166650,1015040
450000,"820 Ocean Pkwy APT 409, Brooklyn, NY 11230",11230,4/20/2022,2,2,"1,000",Kings County (Brooklyn),1149461,48699,188640,1067440
449000,"123 W 74th St APT 1A, New York, NY 10023",10023,4/22/2022,1,1,"54,105",New York County,879665,31973,300250,594060
1925000,"1171 Dean St, Brooklyn, NY 11216",11216,4/23/2022,6,4,"3,322",Kings County (Brooklyn),1149461,48699,188640,1067440
349000,"3901 Independence Ave APT 4F, Bronx, NY 10463",10463,4/24/2022,2,1,"1,000",Bronx County,565642,32035,44610,621050
115000,"823 E 147th St #53, Bronx, NY 10455",10455,4/26/2022,1,1,700,Bronx County,565642,32035,44610,621050
1259000,"1734 W 13th St, Brooklyn, NY 11223",11223,4/28/2022,5,2,"2,112",Kings County (Brooklyn),1149461,48699,188640,1067440
2688000,"56 Buttonwood Rd, Staten Island, NY 10304",10304,4/29/2022,4,5,"6,250",Richmond County (Staten Island),213734,8585,55180,173430
888000,"1627 84th St, Brooklyn, NY 11214",11214,5/1/2022,4,3,"1,200",Kings County (Brooklyn),1149461,48699,188640,1067440
659000,"76-12, 97th Avenue, Ozone Park, NY 11416",11416,5/2/2022,3,3,"1,300",Queens County,1099996,39401,166650,1015040
299000,"301 E 63rd St APT 5H, New York, NY 10065",10065,5/4/2022,1,1,550,New York County,879665,31973,300250,594060
1150000,"32 W 130th St, New York, NY 10037",10037,5/6/2022,11,6,"1,080",New York County,879665,31973,300250,594060
829000,"25717 144th Ave, Jamaica, NY 11422",11422,5/7/2022,7,4,"3,600",Queens County,1099996,39401,166650,1015040
519000,"204 W 78th St APT 3C, New York, NY 10024",10024,5/8/2022,1,1,"14,015",New York County,879665,31973,300250,594060
999888,"352 Gates Ave, Brooklyn, NY 11216",11216,5/10/2022,6,2,"2,884",Kings County (Brooklyn),1149461,48699,188640,1067440
799000,"151 W 80th St APT 3F, New York, NY 10024",10024,5/11/2022,2,2,700,New York County,879665,31973,300250,594060
665000,"3 Sheridan Sq APT 9N, New York, NY 10014",10014,5/12/2022,1,1,540,New York County,879665,31973,300250,594060
565000,"637 41st St APT 3B, Brooklyn, NY 11232",11232,5/13/2022,2,1,"51,200",Kings County (Brooklyn),1149461,48699,188640,1067440
389000,"101 Clinton St APT 3A, New York, NY 10002",10002,5/15/2022,1,1,500,New York County,879665,31973,300250,594060
875000,"346 Barclay Ave, Staten Island, NY 10312",10312,5/16/2022,5,3,"2,441",Richmond County (Staten Island),213734,8585,55180,173430
329000,"76 Elson St, Staten Island, NY 10314",10314,5/17/2022,3,2,"1,332",Richmond County (Staten Island),213734,8585,55180,173430
585000,"210 Riverside Dr APT 3D, New York, NY 10025",10025,5/18/2022,1,1,700,New York County,879665,31973,300250,594060
1688888,"14404 28th Ave, Flushing, NY 11354",11354,5/19/2022,6,5,"2,700",Queens County,1099996,39401,166650,1015040
699999,"173 Warwick St, Brooklyn, NY 11207",11207,5/21/2022,4,4,"2,400",Kings County (Brooklyn),1149461,48699,188640,1067440
825000,"205 W 103rd St APT 1B, New York, NY 10025",10025,5/23/2022,5,2,"33,200",New York County,879665,31973,300250,594060
1188000,"5933 60th Ln, Maspeth, NY 11378",11378,5/24/2022,7,2,"1,768",Queens County,1099996,39401,166650,1015040
3100000,"870 United Nations Plz APT 30E, New York, NY 10017",10017,5/25/2022,3,6,"3,094",New York County,879665,31973,300250,594060
599000,"84-12 89th Ave, Woodhaven, NY 11421",11421,5/26/2022,4,2,"1,248",Queens County,1099996,39401,166650,1015040
1498800,"3316 Bell Blvd, Flushing, NY 11361",11361,5/27/2022,4,5,"2,058",Queens County,1099996,39401,166650,1015040
1995000,"64 W 11th St APT 1, New York, NY 10011",10011,5/28/2022,1,1,"14,196",New York County,879665,31973,300250,594060
799999,"1630 Prospect Pl, Brooklyn, NY 11233",11233,5/29/2022,5,3,"2,934",Kings County (Brooklyn),1149461,48699,188640,1067440
999000,"41-47 150th St, Flushing, NY 11355",11355,5/30/2022,3,2,"1,720",Queens County,1099996,39401,166650,1015040
858000,"2902 171st St, Flushing, NY 11358",11358,5/31/2022,3,2,"1,407",Queens County,1099996,39401,166650,1015040
887000,"79-36 263rd St, Glen Oaks, NY 11004",11004,6/1/2022,4,2,"1,600",Queens County,1099996,39401,166650,1015040
849000,"122 Horton St, Bronx, NY 10464",10464,6/2/2022,4,2,"1,964",Bronx County,565642,32035,44610,621050
789000,"43-13 218th St, Bayside, NY 11361",11361,6/3/2022,4,2,"2,500",Queens County,1099996,39401,166650,1015040
1000000,"170 2nd Ave #10E, New York, NY 10003",10003,6/4/2022,1,1,"97,896",New York County,879665,31973,300250,594060
4999999,"110-14 69th Rd, Forest Hills, NY 11375",11375,6/5/2022,7,7,"10,000",Queens County,1099996,39401,166650,1015040
19495000,"111 Waverly Pl, New York, NY 10011",10011,6/6/2022,7,8,"8,500",New York County,879665,31973,300250,594060
395000,"99-60 63rd Rd APT 14Q, Rego Park, NY 11374",11374,6/9/2022,2,1,"1,000",Queens County,1099996,39401,166650,1015040
1495000,"7 Fillmore Pl, Brooklyn, NY 11211",11211,6/10/2022,2,2,"1,600",Kings County (Brooklyn),1149461,48699,188640,1067440
1200000,"545 Washington Ave APT 310, Brooklyn, NY 11238",11238,6/11/2022,2,2,"1,131",Kings County (Brooklyn),1149461,48699,188640,1067440
599900,"12 Reading Ave, Staten Island, NY 10312",10312,6/12/2022,3,3,"1,800",Richmond County (Staten Island),213734,8585,55180,173430
570000,"2041 Powell Ave, Bronx, NY 10472",10472,6/13/2022,5,2,"1,386",Bronx County,565642,32035,44610,621050
788000,"6421 79th St, Flushing, NY 11379",11379,6/14/2022,3,2,"1,320",Queens County,1099996,39401,166650,1015040
239000,"2565 Flatbush Ave #C-1, Brooklyn, NY 11234",11234,6/15/2022,2,2,"1,200",Kings County (Brooklyn),1149461,48699,188640,1067440
4495000,"53 N Moore St APT 7D, New York, NY 10013",10013,6/16/2022,2,2,"2,200",New York County,879665,31973,300250,594060
519900,"60 Lexington Ave, Staten Island, NY 10302",10302,6/17/2022,3,1,"1,170",Richmond County (Staten Island),213734,8585,55180,173430
399000,"14057 160th St, Jamaica, NY 11434",11434,6/19/2022,2,3,"1,168",Queens County,1099996,39401,166650,1015040
430000,"255 Fieldston Ter APT 6G, Bronx, NY 10471",10471,6/20/2022,3,2,750,Bronx County,565642,32035,44610,621050
835000,"839 E 217th St, Bronx, NY 10467",10467,6/21/2022,6,3,"3,432",Bronx County,565642,32035,44610,621050
3285000,"1 Clinton St #20C, Brooklyn, NY 11201",11201,6/22/2022,3,3,"1,981",Kings County (Brooklyn),1149461,48699,188640,1067440
1250000,"3425 28th St, Astoria, NY 11106",11106,6/24/2022,3,2,"1,800",Queens County,1099996,39401,166650,1015040
695000,"185 Jerome St, Brooklyn, NY 11207",11207,6/25/2022,8,3,"1,578",Kings County (Brooklyn),1149461,48699,188640,1067440
999000,"27 E 65th St APT 14E, New York, NY 10065",10065,6/26/2022,3,3,"1,850",New York County,879665,31973,300250,594060
679000,"2989 Avenue R, Brooklyn, NY 11229",11229,6/27/2022,3,3,"1,692",Kings County (Brooklyn),1149461,48699,188640,1067440
180000,"2550 Olinville Ave APT 6L, Bronx, NY 10467",10467,6/28/2022,1,1,752,Bronx County,565642,32035,44610,621050
11500000,"151 E 72nd St, New York, NY 10021",10021,6/30/2022,5,6,"6,500",New York County,879665,31973,300250,594060
445900,"450 Richmond Hill Rd, Staten Island, NY 10314",10314,7/1/2022,2,2,"1,360",Richmond County (Staten Island),213734,8585,55180,173430
569000,"12121 180th St, Jamaica, NY 11434",11434,7/2/2022,4,2,"1,980",Queens County,1099996,39401,166650,1015040
4995000,"216 E 78th St, New York, NY 10075",10075,7/3/2022,5,5,"3,500",New York County,879665,31973,300250,594060
575000,"75 Cannon Ave, Staten Island, NY 10314",10314,7/5/2022,3,2,"1,152",Richmond County (Staten Island),213734,8585,55180,173430
2160000,"40-15 217, Bayside, NY 11361",11361,7/6/2022,4,4,"3,000",Queens County,1099996,39401,166650,1015040
649000,"277 Ridgewood Ave, Staten Island, NY 10312",10312,7/7/2022,4,2,"1,911",Richmond County (Staten Island),213734,8585,55180,173430
899000,"89 David St, Staten Island, NY 10308",10308,7/8/2022,6,4,"2,616",Richmond County (Staten Island),213734,8585,55180,173430
449000,"41 Chester Pl, Staten Island, NY 10304",10304,7/9/2022,5,4,"3,840",Richmond County (Staten Island),213734,8585,55180,173430
1695000,"311 W 245th St, Bronx, NY 10471",10471,7/10/2022,6,8,"2,744",Bronx County,565642,32035,44610,621050
388000,"782 S Gannon Ave, Staten Island, NY 10314",10314,7/11/2022,3,2,851,Richmond County (Staten Island),213734,8585,55180,173430
579000,"464 Columbus Ave APT 4A, New York, NY 10024",10024,7/12/2022,1,1,"8,364",New York County,879665,31973,300250,594060
925000,"1310 62nd St, Brooklyn, NY 11219",11219,7/13/2022,5,4,"2,250",Kings County (Brooklyn),1149461,48699,188640,1067440
595000,"132 Sandalwood Dr, Staten Island, NY 10308",10308,7/14/2022,3,2,"1,732",Richmond County (Staten Island),213734,8585,55180,173430
1199900,"91 Finlay Ave, Staten Island, NY 10309",10309,7/15/2022,6,4,"2,538",Richmond County (Staten Island),213734,8585,55180,173430
469000,"1425 Beach Ave, Bronx, NY 10460",10460,7/17/2022,3,2,"1,260",Bronx County,565642,32035,44610,621050
37500000,"78 Irving Pl, New York, NY 10003",10003,7/18/2022,6,8,"7,880",New York County,879665,31973,300250,594060
399999,"319 E 169th St, Bronx, NY 10456",10456,7/19/2022,4,1,"1,408",Bronx County,565642,32035,44610,621050
175000,"935 E 178th St, Bronx, NY 10460",10460,7/20/2022,2,1,990,Bronx County,565642,32035,44610,621050
489500,"112 Bedford Ave APT 3L, Brooklyn, NY 11249",11249,7/22/2022,1,1,750,Kings County (Brooklyn),1149461,48699,188640,1067440
850000,"345 Riverside Dr APT 2E, New York, NY 10025",10025,7/23/2022,2,1,"75,600",New York County,879665,31973,300250,594060
1850000,"4 W 21st St APT 14B, New York, NY 10010",10010,7/26/2022,3,3,"1,674",New York County,879665,31973,300250,594060
518000,"25 Hartford St, Staten Island, NY 10308",10308,7/27/2022,2,2,"1,290",Richmond County (Staten Island),213734,8585,55180,173430
975000,"2326 62nd St, Brooklyn, NY 11204",11204,7/28/2022,3,3,"1,450",Kings County (Brooklyn),1149461,48699,188640,1067440
99000,"2701 Goethals Rd N APT F20, Staten Island, NY 10303",10303,7/30/2022,2,1,840,Richmond County (Staten Island),213734,8585,55180,173430
1150000,"6104 Grove St, Flushing, NY 11385",11385,8/1/2022,5,3,"2,420",Queens County,1099996,39401,166650,1015040
949500,"137 Bryant Ave, Staten Island, NY 10306",10306,8/3/2022,3,2,"2,200",Richmond County (Staten Island),213734,8585,55180,173430
559000,"1849 Nereid Ave, Bronx, NY 10466",10466,8/4/2022,5,3,"2,272",Bronx County,565642,32035,44610,621050
2595000,"169 Stratford Rd, Brooklyn, NY 11218",11218,8/5/2022,6,3,"2,844",Kings County (Brooklyn),1149461,48699,188640,1067440
5488000,"3 Point Cres, Malba, NY 11357",11357,8/6/2022,7,10,"12,000",Queens County,1099996,39401,166650,1015040
695000,"308 W 263rd St, Bronx, NY 10471",10471,8/7/2022,3,7,"2,592",Bronx County,565642,32035,44610,621050
2350000,"18716 Cambridge Rd, Jamaica, NY 11432",11432,8/8/2022,5,4,"3,256",Queens County,1099996,39401,166650,1015040
799999,"199-16 33rd Ave, Flushing, NY 11358",11358,8/9/2022,3,2,"1,800",Queens County,1099996,39401,166650,1015040
1180000,"3246 Jordan St, Flushing, NY 11358",11358,8/10/2022,4,3,"1,920",Queens County,1099996,39401,166650,1015040
1450000,"19 Grace Ct #2C, Brooklyn, NY 11201",11201,8/11/2022,3,3,"41,028",Kings County (Brooklyn),1149461,48699,188640,1067440
799000,"3644 Palmer Ave, Bronx, NY 10466",10466,8/12/2022,5,3,"2,310",Bronx County,565642,32035,44610,621050
878000,"57-22 225th St, Oakland Gardens, NY 11364",11364,8/13/2022,4,3,"1,600",Queens County,1099996,39401,166650,1015040
1100000,"6038 Flushing Ave, Flushing, NY 11378",11378,8/14/2022,4,4,"1,760",Queens County,1099996,39401,166650,1015040
1350000,"261 81st St, Brooklyn, NY 11209",11209,8/16/2022,3,3,"1,500",Kings County (Brooklyn),1149461,48699,188640,1067440
898000,"59-36 163rd St, Fresh Meadows, NY 11365",11365,8/17/2022,3,2,"2,000",Queens County,1099996,39401,166650,1015040
973388,"147-12 17th Rd, Whitestone, NY 11357",11357,8/18/2022,3,2,"1,560",Queens County,1099996,39401,166650,1015040
349000,"1075 Sheepshead Bay Rd #5T, Brooklyn, NY 11229",11229,8/19/2022,2,1,"1,050",Kings County (Brooklyn),1149461,48699,188640,1067440
1150000,"66-22 58th Ave, Maspeth, NY 11378",11378,8/20/2022,5,4,"3,300",Queens County,1099996,39401,166650,1015040
1000000,"303 E 57th St APT 45G, New York, NY 10022",10022,8/21/2022,3,4,"3,300",New York County,879665,31973,300250,594060
925000,"15618 86th St, Jamaica, NY 11414",11414,8/22/2022,5,3,"1,794",Queens County,1099996,39401,166650,1015040
910000,"4523 215th Pl, Bayside, NY 11361",11361,8/23/2022,3,2,"1,548",Queens County,1099996,39401,166650,1015040
264000,"3500 Snyder Ave APT 7S, Brooklyn, NY 11203",11203,8/24/2022,1,1,"115,900",Kings County (Brooklyn),1149461,48699,188640,1067440
760000,"69-80 58th Rd, Maspeth, NY 11378",11378,8/25/2022,3,3,"1,820",Queens County,1099996,39401,166650,1015040
3350000,"430 W 23rd St APT B, New York, NY 10011",10011,8/27/2022,3,3,"1,850",New York County,879665,31973,300250,594060
1249000,"13827 91st Ave, Jamaica, NY 11435",11435,8/28/2022,8,4,"2,300",Queens County,1099996,39401,166650,1015040
365000,"103 Amboy St, Brooklyn, NY 11212",11212,8/30/2022,3,2,"1,340",Kings County (Brooklyn),1149461,48699,188640,1067440
5900000,"568 1st St, Brooklyn, NY 11215",11215,9/1/2022,7,5,"5,777",Kings County (Brooklyn),1149461,48699,188640,1067440
224999,"1840 211th St APT 6C, Bayside, NY 11360",11360,9/2/2022,2,1,"373,772",Queens County,1099996,39401,166650,1015040
539000,"266 Doane Ave, Staten Island, NY 10308",10308,9/3/2022,3,2,"1,440",Richmond County (Staten Island),213734,8585,55180,173430
1199000,"555 Main St APT 1113, New York, NY 10044",10044,9/5/2022,3,3,"1,600",New York County,879665,31973,300250,594060
400000,"111-49 Farmers Blvd, Saint Albans, NY 11412",11412,9/6/2022,3,2,"1,638",Queens County,1099996,39401,166650,1015040
6250000,"151 Beach 146th St, Far Rockaway, NY 11694",11694,9/7/2022,5,5,"5,000",Queens County,1099996,39401,166650,1015040
680000,"515 Beach 63rd St, Far Rockaway, NY 11692",11692,9/8/2022,5,3,"2,162",Queens County,1099996,39401,166650,1015040
1150000,"137-59 70th Rd, Flushing, NY 11367",11367,9/10/2022,4,5,"3,300",Queens County,1099996,39401,166650,1015040
1750000,"351 W 20th St, New York, NY 10011",10011,9/11/2022,2,2,"3,924",New York County,879665,31973,300250,594060
479000,"18-55 Corporal Kennedy St #5E, Bayside, NY 11360",11360,9/12/2022,3,2,"1,550",Queens County,1099996,39401,166650,1015040
749000,"217 Beach 97 St, Far Rockaway, NY 11693",11693,9/13/2022,5,4,"2,753",Queens County,1099996,39401,166650,1015040
410000,"25 Bunnell Ct, Staten Island, NY 10312",10312,9/14/2022,2,2,980,Richmond County (Staten Island),213734,8585,55180,173430
650000,"603 Hemlock St, Brooklyn, NY 11208",11208,9/15/2022,4,3,"1,248",Kings County (Brooklyn),1149461,48699,188640,1067440
529000,"3265 Tierney Pl, Bronx, NY 10465",10465,9/16/2022,3,2,"1,620",Bronx County,565642,32035,44610,621050
1150000,"392 14th St APT 1B, Brooklyn, NY 11215",11215,9/18/2022,2,2,"1,093",Kings County (Brooklyn),1149461,48699,188640,1067440
1450000,"127 E 30th St APT 15A, New York, NY 10016",10016,9/19/2022,2,2,953,New York County,879665,31973,300250,594060
30000000,"15 W 53rd St #PENTHOUSE, New York, NY 10019",10019,9/21/2022,7,15,"14,000",New York County,879665,31973,300250,594060
545000,"115 Bedford Ave, Staten Island, NY 10306",10306,9/22/2022,3,3,"1,071",Richmond County (Staten Island),213734,8585,55180,173430
19750000,"262 Central Park W, New York, NY 10024",10024,9/23/2022,4,5,"3,363",New York County,879665,31973,300250,594060
7950000,"553 Park Ave #12W, New York, NY 10065",10065,9/24/2022,5,5,"4,250",New York County,879665,31973,300250,594060
450000,"1118 Forest Ave, Bronx, NY 10456",10456,9/25/2022,3,3,"1,298",Bronx County,565642,32035,44610,621050
6495000,"154 Hicks St, Brooklyn, NY 11201",11201,9/26/2022,5,7,"5,444",Kings County (Brooklyn),1149461,48699,188640,1067440
729000,"132-15 41st Ave #6A, Flushing, NY 11354",11354,9/27/2022,2,1,"1,350",Queens County,1099996,39401,166650,1015040
599900,"323 E 150th St, Bronx, NY 10451",10451,9/28/2022,5,2,"2,952",Bronx County,565642,32035,44610,621050
739000,"15311 107th Ave, Jamaica, NY 11433",11433,9/29/2022,5,5,"2,108",Queens County,1099996,39401,166650,1015040
898000,"157-35 26th Ave, Flushing, NY 11354",11354,9/30/2022,3,3,"1,056",Queens County,1099996,39401,166650,1015040
8100000,"85 Grand St APT 3N, New York, NY 10013",10013,10/1/2022,3,3,"4,200",New York County,879665,31973,300250,594060
599999,"656 Craig Ave, Staten Island, NY 10307",10307,10/3/2022,3,2,"1,596",Richmond County (Staten Island),213734,8585,55180,173430
1080000,"1627 W 3rd St, Brooklyn, NY 11223",11223,10/4/2022,3,1.5,"1,428",Kings County (Brooklyn),1149461,48699,188640,1067440
300000,"69 79th St #O-A6, Brooklyn, NY 11209",11209,10/5/2022,1,1,900,Kings County (Brooklyn),1149461,48699,188640,1067440
218000,"229 W 144th St APT 53, New York, NY 10030",10030,10/6/2022,2,1,800,New York County,879665,31973,300250,594060
675000,"101 Thompson St APT 18, New York, NY 10012",10012,10/7/2022,2,1,"21,360",New York County,879665,31973,300250,594060
16500000,"11 E 93rd St, New York, NY 10128",10128,10/9/2022,7,10,"7,714",New York County,879665,31973,300250,594060
2000000,"40 5th Ave #11C, New York, NY 10011",10011,10/10/2022,2,2,"373,772",New York County,879665,31973,300250,594060
1399000,"1918 Putnam Ave, Flushing, NY 11385",11385,10/11/2022,4,4,"3,500",Queens County,1099996,39401,166650,1015040
595000,"528 Mcclean Ave, Staten Island, NY 10305",10305,10/12/2022,4,2,900,Richmond County (Staten Island),213734,8585,55180,173430
880000,"66-14 79th Pl, Middle Village, NY 11379",11379,10/13/2022,3,2,"2,000",Queens County,1099996,39401,166650,1015040
1450000,"5816 78th St, Flushing, NY 11379",11379,10/14/2022,6,3,"3,298",Queens County,1099996,39401,166650,1015040
1800000,"8 Old Fulton St APT 1S, Brooklyn, NY 11201",11201,10/15/2022,2,1,"17,400",Kings County (Brooklyn),1149461,48699,188640,1067440
584900,"481 Father Capodanno Blvd #P, Staten Island, NY 10305",10305,10/16/2022,3,5,"1,290",Richmond County (Staten Island),213734,8585,55180,173430
1490000,"3230 107th St, East Elmhurst, NY 11369",11369,10/18/2022,7,4,"3,800",Queens County,1099996,39401,166650,1015040
649000,"13156 231st St, Laurelton, NY 11413",11413,10/19/2022,4,2,"1,235",Queens County,1099996,39401,166650,1015040
699900,"14 Pelton Ave, Staten Island, NY 10310",10310,10/20/2022,5,3,"3,455",Richmond County (Staten Island),213734,8585,55180,173430
950000,"138 E 36th St APT 7C, New York, NY 10016",10016,10/21/2022,3,3,"40,966",New York County,879665,31973,300250,594060
999000,"228 16th St APT 3, Brooklyn, NY 11215",11215,10/22/2022,2,2,857,Kings County (Brooklyn),1149461,48699,188640,1067440
995000,"521 E 88th St APT 1C, New York, NY 10128",10128,10/23/2022,2,2,"1,050",New York County,879665,31973,300250,594060
739000,"14735 Coolidge Ave, Jamaica, NY 11435",11435,10/24/2022,3,2,"1,216",Queens County,1099996,39401,166650,1015040
579000,"110 Hillcrest Ter, Staten Island, NY 10305",10305,10/26/2022,4,1,"1,313",Richmond County (Staten Island),213734,8585,55180,173430
22500000,"159 W 12th St, New York, NY 10011",10011,10/27/2022,5,6,"5,700",New York County,879665,31973,300250,594060
1100000,"32 W 74th St #4C, New York, NY 10023",10023,10/28/2022,2,3,"18,569",New York County,879665,31973,300250,594060
525000,"28 Rochester Ave, Brooklyn, NY 11233",11233,10/29/2022,4,2,"1,504",Kings County (Brooklyn),1149461,48699,188640,1067440
409000,"70-25 Yellowstone Blvd APT 24F, Forest Hills, NY 11375",11375,10/30/2022,1,1,650,Queens County,1099996,39401,166650,1015040
186000,"113-15 34th Ave #5C, Corona, NY 11368",11368,10/31/2022,2,1,900,Queens County,1099996,39401,166650,1015040
1499000,"8602 60th Rd, Elmhurst, NY 11373",11373,11/1/2022,4,4,"2,400",Queens County,1099996,39401,166650,1015040
199000,"1 Broadway, Howard Beach, NY 11414",11414,11/2/2022,3,1,"2,880",Queens County,1099996,39401,166650,1015040
