price,zip,date,bds,bath,sqft,boro,employed,unemployed,incomeabove100k,incomebelow100k
150000,11219,8/30/20,0,1.0,"1,060",Kings County (Brooklyn),1149461,48699,188640,1067440
5850,11103,8/31/20,0,1.0,"1,070",Queens County,1099996,39401,166650,1015040
699000,10469,9/1/20,0,1.0,"1,800",Bronx County,565642,32035,44610,621050
22000000,10012,9/2/20,0,1.0,"11,165",New York County,879665,31973,300250,594060
115000,10029,9/3/20,0,1.0,120,New York County,879665,31973,300250,594060
159900,11375,9/4/20,0,1.0,"122,606",Queens County,1099996,39401,166650,1015040
285000,10028,9/5/20,0,1.0,"18,935",New York County,879665,31973,300250,594060
50000000,10065,9/6/20,0,1.0,"20,000",New York County,879665,31973,300250,594060
275000,10016,9/7/20,0,1.0,"204,638",New York County,879665,31973,300250,594060
88000000,10021,9/8/20,0,1.0,"28,000",New York County,879665,31973,300250,594060
14000,11209,9/9/20,0,1.0,"3,090",Kings County (Brooklyn),1149461,48699,188640,1067440
445000,10011,9/10/20,0,1.0,"33,900",New York County,879665,31973,300250,594060
109999,10019,9/11/20,0,1.0,450,New York County,879665,31973,300250,594060
285000,10023,9/12/20,0,1.0,450,New York County,879665,31973,300250,594060
165000,11374,9/13/20,0,1.0,468,Queens County,1099996,39401,166650,1015040
89900,11230,9/14/20,0,1.0,500,Kings County (Brooklyn),1149461,48699,188640,1067440
350000,10065,9/15/20,0,1.0,500,New York County,879665,31973,300250,594060
569000,10022,9/16/20,0,1.0,575,New York County,879665,31973,300250,594060
399000,11218,9/17/20,0,1.0,"59,640",Kings County (Brooklyn),1149461,48699,188640,1067440
10000000,11357,9/18/20,0,1.0,"6,569",Queens County,1099996,39401,166650,1015040
395000,10017,9/19/20,0,1.0,600,New York County,879665,31973,300250,594060
249000,10022,9/20/20,0,1.0,600,New York County,879665,31973,300250,594060
449000,10010,9/21/20,0,1.0,"65,393",New York County,879665,31973,300250,594060
199000,11210,9/22/20,0,1.0,"82,440",Kings County (Brooklyn),1149461,48699,188640,1067440
365000,11377,9/23/20,0,1.0,912,Queens County,1099996,39401,166650,1015040
79000000,10021,9/24/20,6,8.0,"20,000",New York County,879665,31973,300250,594060
90000000,10022,9/25/20,6,8.0,"8,054",New York County,879665,31973,300250,594060
66000000,10019,9/26/20,4,6.0,"7,130",New York County,879665,31973,300250,594060
199000,10019,9/27/20,1,2.0,"1,050",New York County,879665,31973,300250,594060
689000,10022,9/28/20,3,3.0,"2,200",New York County,879665,31973,300250,594060
65000000,10065,9/29/20,6,8.0,"14,825",New York County,879665,31973,300250,594060
290000,10022,9/30/20,2,3.0,"1,262",New York County,879665,31973,300250,594060
67000000,10065,10/2/20,7,11.0,"13,000",New York County,879665,31973,300250,594060
6250000,11217,10/3/20,6,5.0,"5,802",Kings County (Brooklyn),1149461,48699,188640,1067440
27500000,10013,10/4/20,4,6.0,"6,400",New York County,879665,31973,300250,594060
4088000,11360,10/5/20,6,9.0,"9,000",Queens County,1099996,39401,166650,1015040
2890000,10471,10/6/20,6,6.0,"6,500",Bronx County,565642,32035,44610,621050
135000,10304,10/7/20,3,3.0,"2,000",Richmond County (Staten Island),213734,8585,55180,173430
299000,10019,10/8/20,2,1.0,950,New York County,879665,31973,300250,594060
137000,10019,10/9/20,1,1.0,600,New York County,879665,31973,300250,594060
495000,10022,10/10/20,2,2.0,"1,075",New York County,879665,31973,300250,594060
1775000,10307,10/11/20,5,4.0,"5,150",Richmond County (Staten Island),213734,8585,55180,173430
249000,10019,10/12/20,1,1.0,900,New York County,879665,31973,300250,594060
40000000,10007,10/13/20,5,11.0,"7,488",New York County,879665,31973,300250,594060
9500000,10065,10/14/20,4,4.0,"2,900",New York County,879665,31973,300250,594060
819500,11213,10/15/20,7,7.0,"5,036",Kings County (Brooklyn),1149461,48699,188640,1067440
599000,11207,10/16/20,4,3.0,"1,482",Kings County (Brooklyn),1149461,48699,188640,1067440
50000000,10128,10/17/20,6,7.0,"70,820",New York County,879665,31973,300250,594060
1595000,11221,10/19/20,5,4.0,"2,715",Kings County (Brooklyn),1149461,48699,188640,1067440
33000000,10010,10/21/20,5,7.0,"6,769",New York County,879665,31973,300250,594060
299000,10465,10/22/20,2,2.0,"1,234",Bronx County,565642,32035,44610,621050
12500000,10024,10/23/20,7,10.0,"7,500",New York County,879665,31973,300250,594060
63250000,10019,10/24/20,5,6.0,"7,074",New York County,879665,31973,300250,594060
219000,10019,10/25/20,1,1.0,900,New York County,879665,31973,300250,594060
519000,10019,10/26/20,3,3.0,"1,800",New York County,879665,31973,300250,594060
699900,10307,10/27/20,5,5.0,"3,000",Richmond County (Staten Island),213734,8585,55180,173430
289000,10306,10/28/20,3,2.0,"1,224",Richmond County (Staten Island),213734,8585,55180,173430
699998,10306,10/29/20,3,2.0,"1,040",Richmond County (Staten Island),213734,8585,55180,173430
598000,11209,10/30/20,3,2.0,"1,295",Kings County (Brooklyn),1149461,48699,188640,1067440
75000,10452,10/31/20,1,1.0,"36,900",Bronx County,565642,32035,44610,621050
250000,11411,11/1/20,2,1.0,"1,038",Queens County,1099996,39401,166650,1015040
10500000,11209,11/2/20,7,8.0,"10,010",Kings County (Brooklyn),1149461,48699,188640,1067440
300000,10466,11/5/20,5,2.0,"2,560",Bronx County,565642,32035,44610,621050
399999,11429,11/6/20,3,2.0,"2,692",Queens County,1099996,39401,166650,1015040
3500000,10017,11/7/20,6,5.0,"4,511",New York County,879665,31973,300250,594060
39950000,10019,11/9/20,5,6.0,"7,381",New York County,879665,31973,300250,594060
8988000,11357,11/10/20,6,6.0,"7,218",Queens County,1099996,39401,166650,1015040
5500000,10304,11/11/20,6,8.0,"13,500",Richmond County (Staten Island),213734,8585,55180,173430
235000,11419,11/13/20,4,2.0,"1,560",Queens County,1099996,39401,166650,1015040
400000,10464,11/14/20,3,2.0,"1,944",Bronx County,565642,32035,44610,621050
310000,11433,11/15/20,5,2.0,"2,000",Queens County,1099996,39401,166650,1015040
1595000,11228,11/16/20,5,4.0,"2,013",Kings County (Brooklyn),1149461,48699,188640,1067440
298000,11235,11/17/20,2,1.0,"1,000",Kings County (Brooklyn),1149461,48699,188640,1067440
649000,11203,11/19/20,3,2.0,"1,845",Kings County (Brooklyn),1149461,48699,188640,1067440
729000,11379,11/20/20,3,1.0,"2,600",Queens County,1099996,39401,166650,1015040
2095000,11357,11/21/20,4,4.0,"2,800",Queens County,1099996,39401,166650,1015040
9995000,10003,11/22/20,6,5.0,"5,900",New York County,879665,31973,300250,594060
469500,10469,11/23/20,3,2.0,"1,250",Bronx County,565642,32035,44610,621050
180000,10027,11/24/20,1,1.0,450,New York County,879665,31973,300250,594060
3100000,10307,11/25/20,6,8.0,"6,000",Richmond County (Staten Island),213734,8585,55180,173430
325000,11434,11/27/20,3,2.0,"1,892",Queens County,1099996,39401,166650,1015040
175000,10030,11/28/20,1,1.0,"25,986",New York County,879665,31973,300250,594060
675000,11203,11/29/20,5,3.0,"2,459",Kings County (Brooklyn),1149461,48699,188640,1067440
549000,10473,11/30/20,3,2.0,"1,930",Bronx County,565642,32035,44610,621050
399000,10001,12/1/20,1,1.0,450,New York County,879665,31973,300250,594060
29995000,10011,12/2/20,6,9.0,"8,757",New York County,879665,31973,300250,594060
624999,11429,12/3/20,3,3.0,"3,775",Queens County,1099996,39401,166650,1015040
53000000,10014,12/4/20,6,9.0,"9,607",New York County,879665,31973,300250,594060
998000,11358,12/6/20,4,4.0,"2,088",Queens County,1099996,39401,166650,1015040
329000,10465,12/7/20,6,3.0,"1,910",Bronx County,565642,32035,44610,621050
42500000,10012,12/9/20,5,7.0,"7,241",New York County,879665,31973,300250,594060
395000,10028,12/11/20,2,1.0,"9,895",New York County,879665,31973,300250,594060
359000,10031,12/12/20,3,2.0,"1,108",New York County,879665,31973,300250,594060
48000000,10023,12/13/20,3,4.0,"4,024",New York County,879665,31973,300250,594060
595000,11234,12/14/20,3,2.0,"1,250",Kings County (Brooklyn),1149461,48699,188640,1067440
203625,11234,12/15/20,3,2.0,"1,200",Kings County (Brooklyn),1149461,48699,188640,1067440
325000,10037,12/16/20,3,2.0,750,New York County,879665,31973,300250,594060
485000,10304,12/17/20,2,3.0,896,Richmond County (Staten Island),213734,8585,55180,173430
199000,10473,12/18/20,4,2.0,"1,600",Bronx County,565642,32035,44610,621050
900000,11354,12/19/20,6,3.0,"2,338",Queens County,1099996,39401,166650,1015040
729000,11234,12/20/20,5,4.0,"1,872",Kings County (Brooklyn),1149461,48699,188640,1067440
589900,10312,12/21/20,3,2.0,"1,472",Richmond County (Staten Island),213734,8585,55180,173430
379900,10302,12/22/20,3,1.0,"1,240",Richmond County (Staten Island),213734,8585,55180,173430
759000,11210,12/24/20,5,4.0,"2,021",Kings County (Brooklyn),1149461,48699,188640,1067440
525000,11423,12/25/20,3,2.0,"1,909",Queens County,1099996,39401,166650,1015040
549900,10308,12/26/20,3,2.0,"1,564",Richmond County (Staten Island),213734,8585,55180,173430
525000,10466,12/27/20,4,2.0,"1,224",Bronx County,565642,32035,44610,621050
15900000,10011,12/28/20,5,6.0,"4,000",New York County,879665,31973,300250,594060
5999999,11357,12/29/20,7,10.0,"7,500",Queens County,1099996,39401,166650,1015040
585000,10305,12/30/20,3,1.0,988,Richmond County (Staten Island),213734,8585,55180,173430
549000,10003,12/31/20,2,1.0,600,New York County,879665,31973,300250,594060
575000,10305,1/1/21,3,2.0,"1,108",Richmond County (Staten Island),213734,8585,55180,173430
45000000,10014,1/2/21,6,7.0,"30,000",New York County,879665,31973,300250,594060
5000000,10014,1/4/21,4,3.0,"2,144",New York County,879665,31973,300250,594060
850000,11204,1/6/21,4,3.0,"1,440",Kings County (Brooklyn),1149461,48699,188640,1067440
9950000,10011,1/7/21,6,9.0,"8,643",New York County,879665,31973,300250,594060
619000,10304,1/8/21,3,2.0,"1,280",Richmond County (Staten Island),213734,8585,55180,173430
799900,10309,1/9/21,4,2.0,"2,024",Richmond County (Staten Island),213734,8585,55180,173430
499000,10471,1/10/21,4,2.0,"3,400",Bronx County,565642,32035,44610,621050
349999,10314,1/11/21,3,2.0,"1,344",Richmond County (Staten Island),213734,8585,55180,173430
6000000,11201,1/12/21,4,4.0,"2,539",Kings County (Brooklyn),1149461,48699,188640,1067440
500000,11429,1/13/21,5,2.0,"1,842",Queens County,1099996,39401,166650,1015040
49998000,10065,1/14/21,10,17.0,"14,750",New York County,879665,31973,300250,594060
779000,11229,1/15/21,3,2.0,"1,200",Kings County (Brooklyn),1149461,48699,188640,1067440
699900,10306,1/16/21,5,2.0,"1,900",Richmond County (Staten Island),213734,8585,55180,173430
440000,11211,1/17/21,2,1.0,900,Kings County (Brooklyn),1149461,48699,188640,1067440
59000000,10001,1/18/21,5,7.0,"10,171",New York County,879665,31973,300250,594060
1375000,11215,1/19/21,3,2.0,"1,240",Kings County (Brooklyn),1149461,48699,188640,1067440
55000000,10028,1/20/21,6,8.0,"5,042",New York County,879665,31973,300250,594060
300000,10473,1/21/21,3,1.0,990,Bronx County,565642,32035,44610,621050
3500000,10012,1/22/21,2,2.0,"1,750",New York County,879665,31973,300250,594060
599900,11220,1/23/21,4,2.0,"1,155",Kings County (Brooklyn),1149461,48699,188640,1067440
1180000,10312,1/24/21,5,4.0,"3,025",Richmond County (Staten Island),213734,8585,55180,173430
495000,10312,1/25/21,3,2.0,"1,060",Richmond County (Staten Island),213734,8585,55180,173430
450000,10025,1/26/21,1,1.0,"187,588",New York County,879665,31973,300250,594060
150000,11204,1/27/21,1,1.0,800,Kings County (Brooklyn),1149461,48699,188640,1067440
495000,11368,1/28/21,4,2.0,"1,062",Queens County,1099996,39401,166650,1015040
429000,11427,1/29/21,3,2.0,"1,800",Queens County,1099996,39401,166650,1015040
5999000,10312,1/30/21,5,7.0,"11,400",Richmond County (Staten Island),213734,8585,55180,173430
539000,10314,2/1/21,3,3.0,"1,182",Richmond County (Staten Island),213734,8585,55180,173430
299000,10019,2/3/21,1,1.0,950,New York County,879665,31973,300250,594060
1249900,10312,2/4/21,6,5.0,"3,116",Richmond County (Staten Island),213734,8585,55180,173430
9999000,11234,2/5/21,5,5.0,"14,000",Kings County (Brooklyn),1149461,48699,188640,1067440
349000,11377,2/6/21,3,2.0,"1,622",Queens County,1099996,39401,166650,1015040
205000,11234,2/7/21,2,1.0,850,Kings County (Brooklyn),1149461,48699,188640,1067440
450000,11423,2/8/21,5,2.0,"2,012",Queens County,1099996,39401,166650,1015040
6400000,10036,2/9/21,6,6.0,"5,300",New York County,879665,31973,300250,594060
685888,10306,2/10/21,4,3.0,"2,075",Richmond County (Staten Island),213734,8585,55180,173430
610000,10301,2/12/21,6,2.0,"2,640",Richmond County (Staten Island),213734,8585,55180,173430
999000,11228,2/13/21,5,2.0,"1,775",Kings County (Brooklyn),1149461,48699,188640,1067440
99900,10303,2/14/21,2,2.0,924,Richmond County (Staten Island),213734,8585,55180,173430
235000,11434,2/15/21,3,2.0,"1,650",Queens County,1099996,39401,166650,1015040
350000,10026,2/16/21,2,1.0,740,New York County,879665,31973,300250,594060
3800000,10463,2/17/21,5,6.0,"7,000",Bronx County,565642,32035,44610,621050
500000,11212,2/18/21,3,3.0,"1,148",Kings County (Brooklyn),1149461,48699,188640,1067440
20000000,10014,2/19/21,4,7.0,"6,031",New York County,879665,31973,300250,594060
300000,11369,2/20/21,4,2.0,"1,296",Queens County,1099996,39401,166650,1015040
675000,10075,2/21/21,3,2.0,"1,250",New York County,879665,31973,300250,594060
549900,10309,2/23/21,3,3.0,"1,715",Richmond County (Staten Island),213734,8585,55180,173430
334900,10306,2/24/21,3,3.0,"1,720",Richmond County (Staten Island),213734,8585,55180,173430
759000,11203,2/25/21,4,3.0,"1,405",Kings County (Brooklyn),1149461,48699,188640,1067440
330000,11412,2/26/21,4,2.0,"1,672",Queens County,1099996,39401,166650,1015040
559000,10301,2/27/21,8,2.0,"1,980",Richmond County (Staten Island),213734,8585,55180,173430
849000,10314,2/28/21,7,5.0,"2,391",Richmond County (Staten Island),213734,8585,55180,173430
299500,10025,3/2/21,1,1.0,"35,568",New York County,879665,31973,300250,594060
895000,11219,3/3/21,7,3.0,"3,312",Kings County (Brooklyn),1149461,48699,188640,1067440
660000,10306,3/4/21,3,3.0,"1,222",Richmond County (Staten Island),213734,8585,55180,173430
388900,11249,3/5/21,2,1.0,600,Kings County (Brooklyn),1149461,48699,188640,1067440
499000,11238,3/6/21,1,1.0,"9,340",Kings County (Brooklyn),1149461,48699,188640,1067440
899000,11208,3/7/21,7,5.0,"2,800",Kings County (Brooklyn),1149461,48699,188640,1067440
589000,10461,3/8/21,3,2.0,"1,760",Bronx County,565642,32035,44610,621050
72000,10457,3/9/21,1,1.0,550,Bronx County,565642,32035,44610,621050
390000,11229,3/11/21,3,2.0,"1,256",Kings County (Brooklyn),1149461,48699,188640,1067440
598000,10305,3/12/21,3,2.0,988,Richmond County (Staten Island),213734,8585,55180,173430
189000,10471,3/13/21,1,1.0,800,Bronx County,565642,32035,44610,621050
24500000,10065,3/14/21,6,9.0,"8,400",New York County,879665,31973,300250,594060
295000,11362,3/15/21,3,1.0,"1,000",Queens County,1099996,39401,166650,1015040
530000,11209,3/16/21,2,1.0,"12,682",Kings County (Brooklyn),1149461,48699,188640,1067440
63815000,10019,3/17/21,4,4.0,"7,973",New York County,879665,31973,300250,594060
299900,10463,3/18/21,2,2.0,"1,200",Bronx County,565642,32035,44610,621050
918888,11364,3/19/21,3,2.0,"4,059",Queens County,1099996,39401,166650,1015040
798000,11234,3/21/21,4,2.0,"2,300",Kings County (Brooklyn),1149461,48699,188640,1067440
1750000,10014,3/22/21,3,2.0,"44,385",New York County,879665,31973,300250,594060
490000,10014,3/23/21,1,1.0,"23,398",New York County,879665,31973,300250,594060
450000,10301,3/24/21,3,1.0,"1,088",Richmond County (Staten Island),213734,8585,55180,173430
498000,10314,3/25/21,3,2.0,"1,248",Richmond County (Staten Island),213734,8585,55180,173430
57500000,10023,3/26/21,3,5.0,"4,739",New York County,879665,31973,300250,594060
430000,11412,3/27/21,4,2.0,"1,664",Queens County,1099996,39401,166650,1015040
450000,10469,3/28/21,3,2.0,"1,690",Bronx County,565642,32035,44610,621050
479900,10314,3/29/21,3,3.0,"1,470",Richmond County (Staten Island),213734,8585,55180,173430
28500000,10003,3/30/21,5,8.0,"7,411",New York County,879665,31973,300250,594060
1100000,11361,3/31/21,5,3.0,"2,874",Queens County,1099996,39401,166650,1015040
49800000,10019,4/1/21,4,5.0,"6,234",New York County,879665,31973,300250,594060
538800,10305,4/2/21,3,2.0,"1,176",Richmond County (Staten Island),213734,8585,55180,173430
380000,10466,4/4/21,2,2.0,690,Bronx County,565642,32035,44610,621050
16950000,10014,4/5/21,5,7.0,"5,300",New York County,879665,31973,300250,594060
825000,11229,4/6/21,4,2.0,"1,758",Kings County (Brooklyn),1149461,48699,188640,1067440
22000000,10128,4/7/21,5,7.0,"10,000",New York County,879665,31973,300250,594060
3950000,11357,4/8/21,5,6.0,"4,387",Queens County,1099996,39401,166650,1015040
925000,11364,4/9/21,3,3.0,"1,120",Queens County,1099996,39401,166650,1015040
1500000,11209,4/10/21,5,3.0,"2,999",Kings County (Brooklyn),1149461,48699,188640,1067440
699000,11234,4/11/21,5,3.0,"2,340",Kings County (Brooklyn),1149461,48699,188640,1067440
295000,11429,4/12/21,3,1.0,"1,400",Queens County,1099996,39401,166650,1015040
689000,11226,4/14/21,4,2.0,"1,280",Kings County (Brooklyn),1149461,48699,188640,1067440
399000,10019,4/15/21,1,1.0,"72,845",New York County,879665,31973,300250,594060
775000,11367,4/16/21,3,2.0,"1,216",Queens County,1099996,39401,166650,1015040
388000,10314,4/17/21,2,2.0,"1,248",Richmond County (Staten Island),213734,8585,55180,173430
539900,10465,4/18/21,3,2.0,"1,798",Bronx County,565642,32035,44610,621050
130000,10452,4/19/21,1,1.0,600,Bronx County,565642,32035,44610,621050
585000,10306,4/20/21,3,1.0,"1,050",Richmond County (Staten Island),213734,8585,55180,173430
995000,11232,4/21/21,3,2.0,"1,250",Kings County (Brooklyn),1149461,48699,188640,1067440
949888,11432,4/22/21,5,3.0,"1,626",Queens County,1099996,39401,166650,1015040
23500000,10013,4/23/21,4,7.0,"9,715",New York County,879665,31973,300250,594060
1690000,11355,4/25/21,5,4.0,"2,095",Queens County,1099996,39401,166650,1015040
1695000,11201,4/26/21,2,2.0,"2,100",Kings County (Brooklyn),1149461,48699,188640,1067440
340000,10314,4/27/21,2,1.0,950,Richmond County (Staten Island),213734,8585,55180,173430
669999,11210,4/28/21,3,3.0,"1,440",Kings County (Brooklyn),1149461,48699,188640,1067440
415000,10012,4/29/21,1,1.0,"12,750",New York County,879665,31973,300250,594060
660000,11417,4/30/21,3,2.0,"1,600",Queens County,1099996,39401,166650,1015040
8500000,10013,5/1/21,4,6.0,"4,200",New York County,879665,31973,300250,594060
32500000,10021,5/2/21,8,10.0,"11,371",New York County,879665,31973,300250,594060
399000,11218,5/3/21,1,1.0,665,Kings County (Brooklyn),1149461,48699,188640,1067440
25000000,10007,5/4/21,5,7.0,"5,937",New York County,879665,31973,300250,594060
749900,11357,5/5/21,3,2.0,"1,032",Queens County,1099996,39401,166650,1015040
300000,10306,5/6/21,2,1.0,690,Richmond County (Staten Island),213734,8585,55180,173430
427500,10312,5/8/21,3,1.0,984,Richmond County (Staten Island),213734,8585,55180,173430
889000,10461,5/9/21,7,3.0,"3,272",Bronx County,565642,32035,44610,621050
1100000,11223,5/10/21,5,4.0,"1,212",Kings County (Brooklyn),1149461,48699,188640,1067440
949900,10309,5/11/21,5,6.0,"2,602",Richmond County (Staten Island),213734,8585,55180,173430
949900,11213,5/12/21,3,3.0,"1,992",Kings County (Brooklyn),1149461,48699,188640,1067440
299000,10469,5/13/21,3,2.0,"2,314",Bronx County,565642,32035,44610,621050
750000,10305,5/14/21,9,3.0,"3,120",Richmond County (Staten Island),213734,8585,55180,173430
1195000,11210,5/15/21,4,4.0,"1,836",Kings County (Brooklyn),1149461,48699,188640,1067440
988888,10312,5/16/21,5,5.0,"2,994",Richmond County (Staten Island),213734,8585,55180,173430
949900,10463,5/17/21,7,5.0,"3,906",Bronx County,565642,32035,44610,621050
669900,10309,5/19/21,3,3.0,"1,960",Richmond County (Staten Island),213734,8585,55180,173430
669000,10312,5/20/21,3,3.0,"1,360",Richmond County (Staten Island),213734,8585,55180,173430
193900,10308,5/21/21,1,1.0,822,Richmond County (Staten Island),213734,8585,55180,173430
644999,10314,5/22/21,3,2.0,"1,056",Richmond County (Staten Island),213734,8585,55180,173430
2000000,11226,5/23/21,7,3.0,"2,848",Kings County (Brooklyn),1149461,48699,188640,1067440
579900,10314,5/24/21,3,2.0,"1,230",Richmond County (Staten Island),213734,8585,55180,173430
699000,10462,5/26/21,6,2.0,"2,214",Bronx County,565642,32035,44610,621050
2199000,11201,5/27/21,1,3.0,"2,700",Kings County (Brooklyn),1149461,48699,188640,1067440
1500000,10011,5/28/21,2,2.0,"1,200",New York County,879665,31973,300250,594060
525000,10306,5/30/21,4,2.0,"1,388",Richmond County (Staten Island),213734,8585,55180,173430
1050000,11209,6/1/21,6,3.0,"2,820",Kings County (Brooklyn),1149461,48699,188640,1067440
859999,10463,6/2/21,3,4.0,"2,500",Bronx County,565642,32035,44610,621050
500000,10025,6/3/21,2,1.0,875,New York County,879665,31973,300250,594060
800000,10021,6/4/21,2,1.0,"1,000",New York County,879665,31973,300250,594060
1250000,11209,6/5/21,4,3.0,"1,576",Kings County (Brooklyn),1149461,48699,188640,1067440
1128888,11365,6/6/21,5,3.0,"1,517",Queens County,1099996,39401,166650,1015040
299900,10302,6/7/21,3,2.0,"1,668",Richmond County (Staten Island),213734,8585,55180,173430
499000,11412,6/9/21,3,2.0,"1,935",Queens County,1099996,39401,166650,1015040
575000,11421,6/10/21,3,1.0,"1,356",Queens County,1099996,39401,166650,1015040
350000,10471,6/11/21,3,2.0,"1,150",Bronx County,565642,32035,44610,621050
699000,10465,6/12/21,5,3.0,"2,538",Bronx County,565642,32035,44610,621050
828000,10306,6/13/21,3,2.0,"2,550",Richmond County (Staten Island),213734,8585,55180,173430
789000,10309,6/14/21,4,4.0,"2,589",Richmond County (Staten Island),213734,8585,55180,173430
1350000,11217,6/15/21,3,3.0,"1,800",Kings County (Brooklyn),1149461,48699,188640,1067440
400000,11433,6/16/21,5,2.0,"1,600",Queens County,1099996,39401,166650,1015040
275000,11209,6/17/21,1,1.0,810,Kings County (Brooklyn),1149461,48699,188640,1067440
5495000,10024,6/18/21,5,3.0,"3,560",New York County,879665,31973,300250,594060
799000,11414,6/19/21,3,3.0,"1,125",Queens County,1099996,39401,166650,1015040
370000,10468,6/20/21,3,4.0,"1,600",Bronx County,565642,32035,44610,621050
530000,10314,6/21/21,3,2.0,"1,426",Richmond County (Staten Island),213734,8585,55180,173430
838000,11228,6/22/21,3,2.0,"1,232",Kings County (Brooklyn),1149461,48699,188640,1067440
429000,10312,6/23/21,3,3.0,"1,510",Richmond County (Staten Island),213734,8585,55180,173430
195000,11368,6/24/21,2,1.0,850,Queens County,1099996,39401,166650,1015040
729000,11229,6/25/21,4,2.0,"1,976",Kings County (Brooklyn),1149461,48699,188640,1067440
13800000,10011,6/26/21,8,4.0,"9,200",New York County,879665,31973,300250,594060
1546088,11235,6/27/21,4,2.0,"3,056",Kings County (Brooklyn),1149461,48699,188640,1067440
9800000,10471,6/28/21,7,8.0,"15,000",Bronx County,565642,32035,44610,621050
2650000,11101,6/29/21,3,3.0,"1,635",Queens County,1099996,39401,166650,1015040
17500000,11201,6/30/21,8,13.0,"8,282",Kings County (Brooklyn),1149461,48699,188640,1067440
545000,10314,7/1/21,3,2.0,"1,584",Richmond County (Staten Island),213734,8585,55180,173430
769000,10308,7/2/21,3,3.0,"1,600",Richmond County (Staten Island),213734,8585,55180,173430
4888888,11235,7/3/21,8,5.0,"7,000",Kings County (Brooklyn),1149461,48699,188640,1067440
10495000,11201,7/4/21,6,6.0,"6,200",Kings County (Brooklyn),1149461,48699,188640,1067440
489000,10308,7/6/21,3,2.0,"1,600",Richmond County (Staten Island),213734,8585,55180,173430
2899999,11230,7/7/21,5,2.0,"2,684",Kings County (Brooklyn),1149461,48699,188640,1067440
4595000,10022,7/8/21,5,4.0,"73,095",New York County,879665,31973,300250,594060
1599999,10304,7/9/21,4,5.0,"5,438",Richmond County (Staten Island),213734,8585,55180,173430
400000,11214,7/10/21,2,1.0,"1,020",Kings County (Brooklyn),1149461,48699,188640,1067440
797888,11204,7/11/21,4,2.0,"1,820",Kings County (Brooklyn),1149461,48699,188640,1067440
590000,10460,7/12/21,6,4.0,"2,110",Bronx County,565642,32035,44610,621050
799000,11236,7/13/21,5,5.0,"2,140",Kings County (Brooklyn),1149461,48699,188640,1067440
679000,11417,7/14/21,3,3.0,"1,184",Queens County,1099996,39401,166650,1015040
190000,10460,7/15/21,3,2.0,"1,100",Bronx County,565642,32035,44610,621050
225000,11230,7/16/21,2,1.0,"1,050",Kings County (Brooklyn),1149461,48699,188640,1067440
755000,11109,7/17/21,2,2.0,"1,050",Queens County,1099996,39401,166650,1015040
399000,10302,7/18/21,4,3.0,"1,800",Richmond County (Staten Island),213734,8585,55180,173430
1685000,10309,7/19/21,5,4.0,"4,500",Richmond County (Staten Island),213734,8585,55180,173430
4950000,10001,7/21/21,3,4.0,"4,200",New York County,879665,31973,300250,594060
41000000,10021,7/22/21,5,6.0,"10,088",New York County,879665,31973,300250,594060
459000,10309,7/23/21,2,1.0,"2,000",Richmond County (Staten Island),213734,8585,55180,173430
399000,11357,7/24/21,3,1.0,"40,692",Queens County,1099996,39401,166650,1015040
29950000,10021,7/25/21,7,14.0,"12,380",New York County,879665,31973,300250,594060
46255000,10019,7/26/21,4,5.0,"6,954",New York County,879665,31973,300250,594060
279900,10026,7/27/21,2,1.0,766,New York County,879665,31973,300250,594060
995000,10006,7/28/21,2,2.0,"1,023",New York County,879665,31973,300250,594060
579800,10314,7/29/21,3,3.0,"1,224",Richmond County (Staten Island),213734,8585,55180,173430
639000,11417,7/30/21,4,2.0,"1,446",Queens County,1099996,39401,166650,1015040
359000,10304,7/31/21,3,2.0,"1,347",Richmond County (Staten Island),213734,8585,55180,173430
388000,11354,8/1/21,2,2.0,"1,200",Queens County,1099996,39401,166650,1015040
348000,11372,8/2/21,2,1.0,950,Queens County,1099996,39401,166650,1015040
265000,11209,8/3/21,1,1.0,750,Kings County (Brooklyn),1149461,48699,188640,1067440
938000,11228,8/4/21,3,3.0,"1,328",Kings County (Brooklyn),1149461,48699,188640,1067440
5895000,10024,8/5/21,4,5.0,"4,050",New York County,879665,31973,300250,594060
2200000,10301,8/6/21,4,3.0,"2,400",Richmond County (Staten Island),213734,8585,55180,173430
995000,10065,8/7/21,3,2.0,"60,748",New York County,879665,31973,300250,594060
899999,11355,8/8/21,3,1.0,"1,780",Queens County,1099996,39401,166650,1015040
19750000,10013,8/9/21,10,6.0,"16,889",New York County,879665,31973,300250,594060
749000,10307,8/11/21,3,4.0,"1,050",Richmond County (Staten Island),213734,8585,55180,173430
200000,10032,8/12/21,3,1.0,900,New York County,879665,31973,300250,594060
745000,11432,8/14/21,3,2.0,"1,480",Queens County,1099996,39401,166650,1015040
299900,11236,8/15/21,2,2.0,976,Kings County (Brooklyn),1149461,48699,188640,1067440
71000,10465,8/16/21,2,1.0,700,Bronx County,565642,32035,44610,621050
199900,11415,8/17/21,2,2.0,832,Queens County,1099996,39401,166650,1015040
650000,11421,8/19/21,5,3.0,"1,760",Queens County,1099996,39401,166650,1015040
840000,11208,8/22/21,6,3.0,"2,240",Kings County (Brooklyn),1149461,48699,188640,1067440
485000,10468,8/23/21,4,2.0,"2,125",Bronx County,565642,32035,44610,621050
619000,10305,8/24/21,2,3.0,"1,375",Richmond County (Staten Island),213734,8585,55180,173430
1100000,10307,8/25/21,6,5.0,"3,500",Richmond County (Staten Island),213734,8585,55180,173430
799000,11204,8/26/21,3,2.0,"1,046",Kings County (Brooklyn),1149461,48699,188640,1067440
692375,11221,8/28/21,6,3.0,969,Kings County (Brooklyn),1149461,48699,188640,1067440
400000,10022,8/29/21,1,1.0,575,New York County,879665,31973,300250,594060
925000,11221,8/30/21,2,2.0,"1,458",Kings County (Brooklyn),1149461,48699,188640,1067440
789000,11434,8/31/21,6,3.0,"1,760",Queens County,1099996,39401,166650,1015040
359000,11221,9/1/21,3,2.0,"1,640",Kings County (Brooklyn),1149461,48699,188640,1067440
499900,11207,9/2/21,9,4.0,"3,075",Kings County (Brooklyn),1149461,48699,188640,1067440
550000,11106,9/3/21,3,2.0,"1,085",Queens County,1099996,39401,166650,1015040
1349999,11209,9/4/21,2,4.0,"1,596",Kings County (Brooklyn),1149461,48699,188640,1067440
1500000,11201,9/5/21,2,2.0,"1,056",Kings County (Brooklyn),1149461,48699,188640,1067440
969999,11214,9/6/21,4,3.0,"1,584",Kings County (Brooklyn),1149461,48699,188640,1067440
429000,11201,9/7/21,1,1.0,"65,920",Kings County (Brooklyn),1149461,48699,188640,1067440
45000000,10019,9/9/21,4,6.0,"6,240",New York County,879665,31973,300250,594060
725000,10026,9/10/21,3,2.0,"1,200",New York County,879665,31973,300250,594060
659000,10305,9/12/21,2,3.0,"1,560",Richmond County (Staten Island),213734,8585,55180,173430
199900,10304,9/13/21,3,2.0,"1,176",Richmond County (Staten Island),213734,8585,55180,173430
330000,11412,9/14/21,4,2.0,"1,629",Queens County,1099996,39401,166650,1015040
64900,10460,9/15/21,1,1.0,750,Bronx County,565642,32035,44610,621050
529000,11436,9/16/21,3,2.0,812,Queens County,1099996,39401,166650,1015040
1799999,10309,9/17/21,6,5.0,"5,200",Richmond County (Staten Island),213734,8585,55180,173430
599999,10463,9/18/21,3,2.0,"1,056",Bronx County,565642,32035,44610,621050
499000,10312,9/20/21,3,2.0,"1,943",Richmond County (Staten Island),213734,8585,55180,173430
398000,10312,9/23/21,3,2.0,"1,510",Richmond County (Staten Island),213734,8585,55180,173430
220000,10306,9/24/21,2,1.0,500,Richmond County (Staten Island),213734,8585,55180,173430
420000,10310,9/25/21,4,3.0,"1,192",Richmond County (Staten Island),213734,8585,55180,173430
895000,11209,9/26/21,3,3.0,"1,600",Kings County (Brooklyn),1149461,48699,188640,1067440
749000,11234,9/27/21,4,4.0,"1,800",Kings County (Brooklyn),1149461,48699,188640,1067440
599000,10305,9/28/21,3,2.0,"1,620",Richmond County (Staten Island),213734,8585,55180,173430
770000,11360,9/29/21,3,1.0,"1,376",Queens County,1099996,39401,166650,1015040
2725000,10012,9/30/21,2,2.0,"2,300",New York County,879665,31973,300250,594060
25000000,10007,10/1/21,3,5.0,"4,538",New York County,879665,31973,300250,594060
679000,10461,10/2/21,3,3.0,"1,926",Bronx County,565642,32035,44610,621050
875000,10461,10/3/21,4,2.0,"1,692",Bronx County,565642,32035,44610,621050
395000,10305,10/4/21,3,1.0,"1,140",Richmond County (Staten Island),213734,8585,55180,173430
530000,10310,10/5/21,7,4.0,"1,632",Richmond County (Staten Island),213734,8585,55180,173430
1499000,10023,10/7/21,2,2.0,"1,169",New York County,879665,31973,300250,594060
649000,11385,10/8/21,3,1.0,"1,173",Queens County,1099996,39401,166650,1015040
449000,10022,10/9/21,2,2.0,"155,000",New York County,879665,31973,300250,594060
679000,11225,10/12/21,6,4.0,"2,208",Kings County (Brooklyn),1149461,48699,188640,1067440
559999,11212,10/13/21,3,3.0,"1,200",Kings County (Brooklyn),1149461,48699,188640,1067440
777000,10310,10/14/21,11,4.0,"2,248",Richmond County (Staten Island),213734,8585,55180,173430
835000,10028,10/15/21,2,2.0,800,New York County,879665,31973,300250,594060
350000,10029,10/16/21,3,1.0,700,New York County,879665,31973,300250,594060
799000,11215,10/17/21,2,1.0,"2,900",Kings County (Brooklyn),1149461,48699,188640,1067440
659000,11426,10/18/21,3,2.0,"1,512",Queens County,1099996,39401,166650,1015040
29995000,10065,10/19/21,9,12.0,"10,000",New York County,879665,31973,300250,594060
994000,10470,10/20/21,6,4.0,"2,640",Bronx County,565642,32035,44610,621050
550000,10029,10/22/21,3,2.0,942,New York County,879665,31973,300250,594060
575000,10065,10/23/21,1,1.0,550,New York County,879665,31973,300250,594060
230000,11354,10/24/21,2,1.0,749,Queens County,1099996,39401,166650,1015040
599000,11221,10/25/21,2,2.0,986,Kings County (Brooklyn),1149461,48699,188640,1067440
325000,11216,10/26/21,2,1.0,868,Kings County (Brooklyn),1149461,48699,188640,1067440
300000,10473,10/27/21,2,2.0,950,Bronx County,565642,32035,44610,621050
999000,11364,10/28/21,3,2.0,"1,807",Queens County,1099996,39401,166650,1015040
249900,10452,10/29/21,2,2.0,"1,003",Bronx County,565642,32035,44610,621050
4495000,10021,10/30/21,3,3.0,"2,880",New York County,879665,31973,300250,594060
689000,10304,10/31/21,4,4.0,"2,490",Richmond County (Staten Island),213734,8585,55180,173430
1625000,10312,11/1/21,5,4.0,"4,800",Richmond County (Staten Island),213734,8585,55180,173430
749000,10307,11/2/21,3,3.0,"2,100",Richmond County (Staten Island),213734,8585,55180,173430
290000,11423,11/3/21,3,2.0,"1,683",Queens County,1099996,39401,166650,1015040
689000,11234,11/4/21,4,3.0,"1,600",Kings County (Brooklyn),1149461,48699,188640,1067440
839000,10309,11/5/21,5,5.0,"2,400",Richmond County (Staten Island),213734,8585,55180,173430
950000,11365,11/6/21,4,3.0,"1,384",Queens County,1099996,39401,166650,1015040
28000000,10014,11/7/21,5,6.0,"5,864",New York County,879665,31973,300250,594060
1195000,11220,11/8/21,4,3.0,"2,200",Kings County (Brooklyn),1149461,48699,188640,1067440
749000,10469,11/9/21,5,2.0,"2,500",Bronx County,565642,32035,44610,621050
415000,11413,11/10/21,2,1.0,864,Queens County,1099996,39401,166650,1015040
549900,10314,11/12/21,3,2.0,950,Richmond County (Staten Island),213734,8585,55180,173430
549900,10301,11/13/21,3,2.0,"1,050",Richmond County (Staten Island),213734,8585,55180,173430
265000,11360,11/15/21,2,1.0,950,Queens County,1099996,39401,166650,1015040
649000,10312,11/17/21,3,3.0,"1,400",Richmond County (Staten Island),213734,8585,55180,173430
95000,10457,11/19/21,1,1.0,800,Bronx County,565642,32035,44610,621050
10995000,11201,11/20/21,4,5.0,"6,172",Kings County (Brooklyn),1149461,48699,188640,1067440
288000,10305,11/21/21,2,1.0,570,Richmond County (Staten Island),213734,8585,55180,173430
489000,10473,11/22/21,3,3.0,"2,272",Bronx County,565642,32035,44610,621050
799000,11212,11/24/21,3,3.0,"1,116",Kings County (Brooklyn),1149461,48699,188640,1067440
340000,11360,11/25/21,3,2.0,"1,250",Queens County,1099996,39401,166650,1015040
990000,11432,11/26/21,4,4.0,"2,100",Queens County,1099996,39401,166650,1015040
749900,11236,11/27/21,6,4.0,"2,162",Kings County (Brooklyn),1149461,48699,188640,1067440
599000,11216,11/28/21,4,2.0,"1,782",Kings County (Brooklyn),1149461,48699,188640,1067440
579000,11433,11/29/21,4,3.0,"2,142",Queens County,1099996,39401,166650,1015040
649000,11692,11/30/21,8,3.0,"2,800",Queens County,1099996,39401,166650,1015040
799000,10462,12/2/21,5,3.0,"1,944",Bronx County,565642,32035,44610,621050
8950000,10011,12/4/21,7,7.0,"4,868",New York County,879665,31973,300250,594060
390000,10035,12/5/21,2,1.0,"168,963",New York County,879665,31973,300250,594060
350000,10031,12/6/21,3,1.0,890,New York County,879665,31973,300250,594060
410000,10314,12/7/21,3,3.0,"1,320",Richmond County (Staten Island),213734,8585,55180,173430
2688000,11375,12/9/21,3,3.0,"2,680",Queens County,1099996,39401,166650,1015040
549000,11693,12/10/21,3,2.0,"1,026",Queens County,1099996,39401,166650,1015040
819000,10304,12/11/21,3,3.0,"1,440",Richmond County (Staten Island),213734,8585,55180,173430
385000,10310,12/12/21,3,2.0,"1,302",Richmond County (Staten Island),213734,8585,55180,173430
399000,10466,12/13/21,3,3.0,"1,208",Bronx County,565642,32035,44610,621050
648000,11421,12/14/21,5,2.0,"1,368",Queens County,1099996,39401,166650,1015040
1438000,11204,12/15/21,5,3.0,"2,500",Kings County (Brooklyn),1149461,48699,188640,1067440
1475000,11221,12/16/21,6,4.0,"2,856",Kings County (Brooklyn),1149461,48699,188640,1067440
615000,11411,12/17/21,3,2.0,"1,600",Queens County,1099996,39401,166650,1015040
9000000,10075,12/18/21,5,5.0,"3,825",New York County,879665,31973,300250,594060
367000,11433,12/20/21,3,2.0,"1,366",Queens County,1099996,39401,166650,1015040
484888,10312,12/21/21,2,3.0,"1,008",Richmond County (Staten Island),213734,8585,55180,173430
1650000,11225,12/22/21,3,2.0,"2,324",Kings County (Brooklyn),1149461,48699,188640,1067440
7995000,11201,12/23/21,4,5.0,"5,500",Kings County (Brooklyn),1149461,48699,188640,1067440
179000,10459,12/24/21,3,1.0,"17,550",Bronx County,565642,32035,44610,621050
355000,11422,12/25/21,5,2.0,"1,568",Queens County,1099996,39401,166650,1015040
479999,10314,12/26/21,3,2.0,"1,362",Richmond County (Staten Island),213734,8585,55180,173430
995000,11238,12/27/21,3,2.0,"1,250",Kings County (Brooklyn),1149461,48699,188640,1067440
749000,10022,12/28/21,4,4.0,"3,300",New York County,879665,31973,300250,594060
980000,10312,12/30/21,7,4.0,"3,888",Richmond County (Staten Island),213734,8585,55180,173430
1600000,11230,12/31/21,7,6.0,"2,840",Kings County (Brooklyn),1149461,48699,188640,1067440
9950000,11201,1/1/22,6,5.0,"7,600",Kings County (Brooklyn),1149461,48699,188640,1067440
874900,10312,1/2/22,2,2.0,"1,236",Richmond County (Staten Island),213734,8585,55180,173430
349900,11235,1/3/22,3,2.0,924,Kings County (Brooklyn),1149461,48699,188640,1067440
499000,10469,1/4/22,3,3.0,"1,120",Bronx County,565642,32035,44610,621050
549900,10460,1/5/22,5,3.0,"2,180",Bronx County,565642,32035,44610,621050
899000,10021,1/6/22,4,3.0,"2,000",New York County,879665,31973,300250,594060
1125000,10128,1/7/22,3,2.0,"254,928",New York County,879665,31973,300250,594060
999000,11385,1/10/22,7,3.0,"3,300",Queens County,1099996,39401,166650,1015040
769000,11234,1/11/22,3,2.0,"1,776",Kings County (Brooklyn),1149461,48699,188640,1067440
1175000,11379,1/12/22,4,3.0,"2,905",Queens County,1099996,39401,166650,1015040
799900,11375,1/13/22,3,3.0,"1,600",Queens County,1099996,39401,166650,1015040
22000000,10021,1/14/22,5,8.0,"7,500",New York County,879665,31973,300250,594060
760000,11379,1/15/22,3,2.0,"2,016",Queens County,1099996,39401,166650,1015040
560000,10022,1/16/22,2,2.0,"1,300",New York County,879665,31973,300250,594060
410000,10314,1/17/22,3,2.0,"1,320",Richmond County (Staten Island),213734,8585,55180,173430
250000,11221,1/18/22,1,1.0,"12,480",Kings County (Brooklyn),1149461,48699,188640,1067440
479000,10464,1/19/22,2,2.0,"1,200",Bronx County,565642,32035,44610,621050
475000,10465,1/20/22,3,2.0,"1,368",Bronx County,565642,32035,44610,621050
1795000,11218,1/23/22,5,3.0,"2,729",Kings County (Brooklyn),1149461,48699,188640,1067440
19725000,10019,1/24/22,3,4.0,"3,846",New York County,879665,31973,300250,594060
4500000,10011,1/25/22,5,6.0,"4,168",New York County,879665,31973,300250,594060
2395000,11201,1/26/22,2,2.0,"4,068",Kings County (Brooklyn),1149461,48699,188640,1067440
886800,11357,1/27/22,3,1.0,"1,050",Queens County,1099996,39401,166650,1015040
650000,11214,1/28/22,4,2.0,960,Kings County (Brooklyn),1149461,48699,188640,1067440
699000,10009,1/29/22,3,2.0,"9,100",New York County,879665,31973,300250,594060
869000,11364,1/30/22,4,3.0,"1,418",Queens County,1099996,39401,166650,1015040
1750000,10011,1/31/22,2,2.0,"1,200",New York County,879665,31973,300250,594060
715000,11418,2/1/22,4,3.0,"1,760",Queens County,1099996,39401,166650,1015040
382000,10003,2/2/22,1,1.0,450,New York County,879665,31973,300250,594060
60000,10467,2/3/22,1,1.0,650,Bronx County,565642,32035,44610,621050
1150000,11357,2/4/22,5,2.0,"1,425",Queens County,1099996,39401,166650,1015040
1149000,11228,2/5/22,3,2.0,"1,500",Kings County (Brooklyn),1149461,48699,188640,1067440
579900,10305,2/6/22,3,3.0,"1,690",Richmond County (Staten Island),213734,8585,55180,173430
510000,10469,2/7/22,3,3.0,"1,674",Bronx County,565642,32035,44610,621050
3995000,11231,2/8/22,5,4.0,"3,072",Kings County (Brooklyn),1149461,48699,188640,1067440
1900000,11217,2/9/22,5,3.0,"3,150",Kings County (Brooklyn),1149461,48699,188640,1067440
750000,10028,2/10/22,2,2.0,"59,149",New York County,879665,31973,300250,594060
359000,10306,2/12/22,2,2.0,996,Richmond County (Staten Island),213734,8585,55180,173430
298888,11361,2/13/22,2,1.0,"105,000",Queens County,1099996,39401,166650,1015040
275000,11375,2/14/22,1,1.0,805,Queens County,1099996,39401,166650,1015040
299000,11211,2/15/22,1,1.0,400,Kings County (Brooklyn),1149461,48699,188640,1067440
289000,11375,2/17/22,1,2.0,750,Queens County,1099996,39401,166650,1015040
899888,11214,2/18/22,3,3.0,"1,280",Kings County (Brooklyn),1149461,48699,188640,1067440
529000,10306,2/19/22,3,3.0,"1,600",Richmond County (Staten Island),213734,8585,55180,173430
299000,11235,2/20/22,3,2.0,"1,100",Kings County (Brooklyn),1149461,48699,188640,1067440
649000,10466,2/21/22,5,4.0,"1,806",Bronx County,565642,32035,44610,621050
1400000,11238,2/22/22,9,8.0,"4,000",Kings County (Brooklyn),1149461,48699,188640,1067440
599000,11236,2/23/22,3,2.0,"1,120",Kings County (Brooklyn),1149461,48699,188640,1067440
1198000,11375,2/24/22,4,2.0,"1,750",Queens County,1099996,39401,166650,1015040
520000,11420,2/26/22,7,3.0,"1,840",Queens County,1099996,39401,166650,1015040
490000,10010,2/27/22,1,1.0,600,New York County,879665,31973,300250,594060
1275000,10304,2/28/22,3,3.0,"3,002",Richmond County (Staten Island),213734,8585,55180,173430
6750000,10003,3/1/22,14,9.0,"3,920",New York County,879665,31973,300250,594060
1489000,11209,3/3/22,3,2.0,"1,596",Kings County (Brooklyn),1149461,48699,188640,1067440
995000,11201,3/4/22,2,2.0,800,Kings County (Brooklyn),1149461,48699,188640,1067440
11750000,10014,3/5/22,5,6.0,"4,575",New York County,879665,31973,300250,594060
5950000,10023,3/6/22,3,3.0,"2,000",New York County,879665,31973,300250,594060
265000,10463,3/7/22,2,1.0,750,Bronx County,565642,32035,44610,621050
445000,11209,3/8/22,2,1.0,"12,682",Kings County (Brooklyn),1149461,48699,188640,1067440
550000,10019,3/9/22,2,2.0,"1,200",New York County,879665,31973,300250,594060
495000,10019,3/10/22,1,1.0,650,New York County,879665,31973,300250,594060
719900,11418,3/11/22,3,2.0,"1,275",Queens County,1099996,39401,166650,1015040
699000,10470,3/13/22,4,3.0,"2,052",Bronx County,565642,32035,44610,621050
225000,11234,3/14/22,2,1.0,"149,521",Kings County (Brooklyn),1149461,48699,188640,1067440
629000,10473,3/15/22,4,2.0,"1,944",Bronx County,565642,32035,44610,621050
499000,11203,3/16/22,3,1.0,"1,328",Kings County (Brooklyn),1149461,48699,188640,1067440
2199000,11201,3/17/22,2,2.0,"5,269",Kings County (Brooklyn),1149461,48699,188640,1067440
599000,11234,3/18/22,3,2.0,"1,064",Kings County (Brooklyn),1149461,48699,188640,1067440
665000,11208,3/19/22,3,4.0,"1,486",Kings County (Brooklyn),1149461,48699,188640,1067440
688888,11361,3/20/22,3,2.0,960,Queens County,1099996,39401,166650,1015040
550000,10304,3/23/22,3,3.0,"1,092",Richmond County (Staten Island),213734,8585,55180,173430
585000,10312,3/24/22,3,4.0,"1,900",Richmond County (Staten Island),213734,8585,55180,173430
899000,11235,3/25/22,4,3.0,"1,365",Kings County (Brooklyn),1149461,48699,188640,1067440
430000,10461,3/26/22,4,2.0,"1,600",Bronx County,565642,32035,44610,621050
890000,11365,3/27/22,2,2.0,836,Queens County,1099996,39401,166650,1015040
929000,11234,3/28/22,5,3.0,"2,000",Kings County (Brooklyn),1149461,48699,188640,1067440
589000,10469,3/29/22,4,3.0,"1,737",Bronx County,565642,32035,44610,621050
399000,10065,3/31/22,1,1.0,800,New York County,879665,31973,300250,594060
650000,11427,4/1/22,4,3.0,"3,230",Queens County,1099996,39401,166650,1015040
1350000,11217,4/2/22,2,1.0,"1,300",Kings County (Brooklyn),1149461,48699,188640,1067440
399900,10465,4/3/22,2,1.0,891,Bronx County,565642,32035,44610,621050
865000,11234,4/4/22,3,3.0,"1,836",Kings County (Brooklyn),1149461,48699,188640,1067440
749000,11420,4/5/22,3,3.0,"1,444",Queens County,1099996,39401,166650,1015040
370000,11435,4/6/22,4,2.0,"1,568",Queens County,1099996,39401,166650,1015040
679000,10464,4/8/22,3,1.0,"1,036",Bronx County,565642,32035,44610,621050
1399000,11420,4/10/22,6,5.0,"1,104",Queens County,1099996,39401,166650,1015040
400000,10075,4/11/22,1,1.0,"88,231",New York County,879665,31973,300250,594060
3550000,11215,4/12/22,5,3.0,"3,360",Kings County (Brooklyn),1149461,48699,188640,1067440
75000,10473,4/13/22,1,1.0,675,Bronx County,565642,32035,44610,621050
27500000,10065,4/15/22,7,12.0,"13,300",New York County,879665,31973,300250,594060
319000,11234,4/16/22,3,2.0,"1,300",Kings County (Brooklyn),1149461,48699,188640,1067440
679000,10460,4/17/22,3,3.0,"2,700",Bronx County,565642,32035,44610,621050
2995000,11215,4/18/22,10,4.0,"4,760",Kings County (Brooklyn),1149461,48699,188640,1067440
335000,11422,4/19/22,4,2.0,"1,344",Queens County,1099996,39401,166650,1015040
450000,11230,4/20/22,2,2.0,"1,000",Kings County (Brooklyn),1149461,48699,188640,1067440
449000,10023,4/22/22,1,1.0,"54,105",New York County,879665,31973,300250,594060
1925000,11216,4/23/22,6,4.0,"3,322",Kings County (Brooklyn),1149461,48699,188640,1067440
349000,10463,4/24/22,2,1.0,"1,000",Bronx County,565642,32035,44610,621050
115000,10455,4/26/22,1,1.0,700,Bronx County,565642,32035,44610,621050
1259000,11223,4/28/22,5,2.0,"2,112",Kings County (Brooklyn),1149461,48699,188640,1067440
2688000,10304,4/29/22,4,5.0,"6,250",Richmond County (Staten Island),213734,8585,55180,173430
888000,11214,5/1/22,4,3.0,"1,200",Kings County (Brooklyn),1149461,48699,188640,1067440
659000,11416,5/2/22,3,3.0,"1,300",Queens County,1099996,39401,166650,1015040
299000,10065,5/4/22,1,1.0,550,New York County,879665,31973,300250,594060
1150000,10037,5/6/22,11,6.0,"1,080",New York County,879665,31973,300250,594060
829000,11422,5/7/22,7,4.0,"3,600",Queens County,1099996,39401,166650,1015040
519000,10024,5/8/22,1,1.0,"14,015",New York County,879665,31973,300250,594060
999888,11216,5/10/22,6,2.0,"2,884",Kings County (Brooklyn),1149461,48699,188640,1067440
799000,10024,5/11/22,2,2.0,700,New York County,879665,31973,300250,594060
665000,10014,5/12/22,1,1.0,540,New York County,879665,31973,300250,594060
565000,11232,5/13/22,2,1.0,"51,200",Kings County (Brooklyn),1149461,48699,188640,1067440
389000,10002,5/15/22,1,1.0,500,New York County,879665,31973,300250,594060
875000,10312,5/16/22,5,3.0,"2,441",Richmond County (Staten Island),213734,8585,55180,173430
329000,10314,5/17/22,3,2.0,"1,332",Richmond County (Staten Island),213734,8585,55180,173430
585000,10025,5/18/22,1,1.0,700,New York County,879665,31973,300250,594060
1688888,11354,5/19/22,6,5.0,"2,700",Queens County,1099996,39401,166650,1015040
699999,11207,5/21/22,4,4.0,"2,400",Kings County (Brooklyn),1149461,48699,188640,1067440
825000,10025,5/23/22,5,2.0,"33,200",New York County,879665,31973,300250,594060
1188000,11378,5/24/22,7,2.0,"1,768",Queens County,1099996,39401,166650,1015040
3100000,10017,5/25/22,3,6.0,"3,094",New York County,879665,31973,300250,594060
599000,11421,5/26/22,4,2.0,"1,248",Queens County,1099996,39401,166650,1015040
1498800,11361,5/27/22,4,5.0,"2,058",Queens County,1099996,39401,166650,1015040
1995000,10011,5/28/22,1,1.0,"14,196",New York County,879665,31973,300250,594060
799999,11233,5/29/22,5,3.0,"2,934",Kings County (Brooklyn),1149461,48699,188640,1067440
999000,11355,5/30/22,3,2.0,"1,720",Queens County,1099996,39401,166650,1015040
858000,11358,5/31/22,3,2.0,"1,407",Queens County,1099996,39401,166650,1015040
887000,11004,6/1/22,4,2.0,"1,600",Queens County,1099996,39401,166650,1015040
849000,10464,6/2/22,4,2.0,"1,964",Bronx County,565642,32035,44610,621050
789000,11361,6/3/22,4,2.0,"2,500",Queens County,1099996,39401,166650,1015040
1000000,10003,6/4/22,1,1.0,"97,896",New York County,879665,31973,300250,594060
4999999,11375,6/5/22,7,7.0,"10,000",Queens County,1099996,39401,166650,1015040
19495000,10011,6/6/22,7,8.0,"8,500",New York County,879665,31973,300250,594060
395000,11374,6/9/22,2,1.0,"1,000",Queens County,1099996,39401,166650,1015040
1495000,11211,6/10/22,2,2.0,"1,600",Kings County (Brooklyn),1149461,48699,188640,1067440
1200000,11238,6/11/22,2,2.0,"1,131",Kings County (Brooklyn),1149461,48699,188640,1067440
599900,10312,6/12/22,3,3.0,"1,800",Richmond County (Staten Island),213734,8585,55180,173430
570000,10472,6/13/22,5,2.0,"1,386",Bronx County,565642,32035,44610,621050
788000,11379,6/14/22,3,2.0,"1,320",Queens County,1099996,39401,166650,1015040
239000,11234,6/15/22,2,2.0,"1,200",Kings County (Brooklyn),1149461,48699,188640,1067440
4495000,10013,6/16/22,2,2.0,"2,200",New York County,879665,31973,300250,594060
519900,10302,6/17/22,3,1.0,"1,170",Richmond County (Staten Island),213734,8585,55180,173430
399000,11434,6/19/22,2,3.0,"1,168",Queens County,1099996,39401,166650,1015040
430000,10471,6/20/22,3,2.0,750,Bronx County,565642,32035,44610,621050
835000,10467,6/21/22,6,3.0,"3,432",Bronx County,565642,32035,44610,621050
3285000,11201,6/22/22,3,3.0,"1,981",Kings County (Brooklyn),1149461,48699,188640,1067440
1250000,11106,6/24/22,3,2.0,"1,800",Queens County,1099996,39401,166650,1015040
695000,11207,6/25/22,8,3.0,"1,578",Kings County (Brooklyn),1149461,48699,188640,1067440
999000,10065,6/26/22,3,3.0,"1,850",New York County,879665,31973,300250,594060
679000,11229,6/27/22,3,3.0,"1,692",Kings County (Brooklyn),1149461,48699,188640,1067440
180000,10467,6/28/22,1,1.0,752,Bronx County,565642,32035,44610,621050
11500000,10021,6/30/22,5,6.0,"6,500",New York County,879665,31973,300250,594060
445900,10314,7/1/22,2,2.0,"1,360",Richmond County (Staten Island),213734,8585,55180,173430
569000,11434,7/2/22,4,2.0,"1,980",Queens County,1099996,39401,166650,1015040
4995000,10075,7/3/22,5,5.0,"3,500",New York County,879665,31973,300250,594060
575000,10314,7/5/22,3,2.0,"1,152",Richmond County (Staten Island),213734,8585,55180,173430
2160000,11361,7/6/22,4,4.0,"3,000",Queens County,1099996,39401,166650,1015040
649000,10312,7/7/22,4,2.0,"1,911",Richmond County (Staten Island),213734,8585,55180,173430
899000,10308,7/8/22,6,4.0,"2,616",Richmond County (Staten Island),213734,8585,55180,173430
449000,10304,7/9/22,5,4.0,"3,840",Richmond County (Staten Island),213734,8585,55180,173430
1695000,10471,7/10/22,6,8.0,"2,744",Bronx County,565642,32035,44610,621050
388000,10314,7/11/22,3,2.0,851,Richmond County (Staten Island),213734,8585,55180,173430
579000,10024,7/12/22,1,1.0,"8,364",New York County,879665,31973,300250,594060
925000,11219,7/13/22,5,4.0,"2,250",Kings County (Brooklyn),1149461,48699,188640,1067440
595000,10308,7/14/22,3,2.0,"1,732",Richmond County (Staten Island),213734,8585,55180,173430
1199900,10309,7/15/22,6,4.0,"2,538",Richmond County (Staten Island),213734,8585,55180,173430
469000,10460,7/17/22,3,2.0,"1,260",Bronx County,565642,32035,44610,621050
37500000,10003,7/18/22,6,8.0,"7,880",New York County,879665,31973,300250,594060
399999,10456,7/19/22,4,1.0,"1,408",Bronx County,565642,32035,44610,621050
175000,10460,7/20/22,2,1.0,990,Bronx County,565642,32035,44610,621050
489500,11249,7/22/22,1,1.0,750,Kings County (Brooklyn),1149461,48699,188640,1067440
850000,10025,7/23/22,2,1.0,"75,600",New York County,879665,31973,300250,594060
1850000,10010,7/26/22,3,3.0,"1,674",New York County,879665,31973,300250,594060
518000,10308,7/27/22,2,2.0,"1,290",Richmond County (Staten Island),213734,8585,55180,173430
975000,11204,7/28/22,3,3.0,"1,450",Kings County (Brooklyn),1149461,48699,188640,1067440
99000,10303,7/30/22,2,1.0,840,Richmond County (Staten Island),213734,8585,55180,173430
1150000,11385,8/1/22,5,3.0,"2,420",Queens County,1099996,39401,166650,1015040
949500,10306,8/3/22,3,2.0,"2,200",Richmond County (Staten Island),213734,8585,55180,173430
559000,10466,8/4/22,5,3.0,"2,272",Bronx County,565642,32035,44610,621050
2595000,11218,8/5/22,6,3.0,"2,844",Kings County (Brooklyn),1149461,48699,188640,1067440
5488000,11357,8/6/22,7,10.0,"12,000",Queens County,1099996,39401,166650,1015040
695000,10471,8/7/22,3,7.0,"2,592",Bronx County,565642,32035,44610,621050
2350000,11432,8/8/22,5,4.0,"3,256",Queens County,1099996,39401,166650,1015040
799999,11358,8/9/22,3,2.0,"1,800",Queens County,1099996,39401,166650,1015040
1180000,11358,8/10/22,4,3.0,"1,920",Queens County,1099996,39401,166650,1015040
1450000,11201,8/11/22,3,3.0,"41,028",Kings County (Brooklyn),1149461,48699,188640,1067440
799000,10466,8/12/22,5,3.0,"2,310",Bronx County,565642,32035,44610,621050
878000,11364,8/13/22,4,3.0,"1,600",Queens County,1099996,39401,166650,1015040
1100000,11378,8/14/22,4,4.0,"1,760",Queens County,1099996,39401,166650,1015040
1350000,11209,8/16/22,3,3.0,"1,500",Kings County (Brooklyn),1149461,48699,188640,1067440
898000,11365,8/17/22,3,2.0,"2,000",Queens County,1099996,39401,166650,1015040
973388,11357,8/18/22,3,2.0,"1,560",Queens County,1099996,39401,166650,1015040
349000,11229,8/19/22,2,1.0,"1,050",Kings County (Brooklyn),1149461,48699,188640,1067440
1150000,11378,8/20/22,5,4.0,"3,300",Queens County,1099996,39401,166650,1015040
1000000,10022,8/21/22,3,4.0,"3,300",New York County,879665,31973,300250,594060
925000,11414,8/22/22,5,3.0,"1,794",Queens County,1099996,39401,166650,1015040
910000,11361,8/23/22,3,2.0,"1,548",Queens County,1099996,39401,166650,1015040
264000,11203,8/24/22,1,1.0,"115,900",Kings County (Brooklyn),1149461,48699,188640,1067440
760000,11378,8/25/22,3,3.0,"1,820",Queens County,1099996,39401,166650,1015040
3350000,10011,8/27/22,3,3.0,"1,850",New York County,879665,31973,300250,594060
1249000,11435,8/28/22,8,4.0,"2,300",Queens County,1099996,39401,166650,1015040
365000,11212,8/30/22,3,2.0,"1,340",Kings County (Brooklyn),1149461,48699,188640,1067440
5900000,11215,9/1/22,7,5.0,"5,777",Kings County (Brooklyn),1149461,48699,188640,1067440
224999,11360,9/2/22,2,1.0,"373,772",Queens County,1099996,39401,166650,1015040
539000,10308,9/3/22,3,2.0,"1,440",Richmond County (Staten Island),213734,8585,55180,173430
1199000,10044,9/5/22,3,3.0,"1,600",New York County,879665,31973,300250,594060
400000,11412,9/6/22,3,2.0,"1,638",Queens County,1099996,39401,166650,1015040
6250000,11694,9/7/22,5,5.0,"5,000",Queens County,1099996,39401,166650,1015040
680000,11692,9/8/22,5,3.0,"2,162",Queens County,1099996,39401,166650,1015040
1150000,11367,9/10/22,4,5.0,"3,300",Queens County,1099996,39401,166650,1015040
1750000,10011,9/11/22,2,2.0,"3,924",New York County,879665,31973,300250,594060
479000,11360,9/12/22,3,2.0,"1,550",Queens County,1099996,39401,166650,1015040
749000,11693,9/13/22,5,4.0,"2,753",Queens County,1099996,39401,166650,1015040
410000,10312,9/14/22,2,2.0,980,Richmond County (Staten Island),213734,8585,55180,173430
650000,11208,9/15/22,4,3.0,"1,248",Kings County (Brooklyn),1149461,48699,188640,1067440
529000,10465,9/16/22,3,2.0,"1,620",Bronx County,565642,32035,44610,621050
1150000,11215,9/18/22,2,2.0,"1,093",Kings County (Brooklyn),1149461,48699,188640,1067440
1450000,10016,9/19/22,2,2.0,953,New York County,879665,31973,300250,594060
30000000,10019,9/21/22,7,15.0,"14,000",New York County,879665,31973,300250,594060
545000,10306,9/22/22,3,3.0,"1,071",Richmond County (Staten Island),213734,8585,55180,173430
19750000,10024,9/23/22,4,5.0,"3,363",New York County,879665,31973,300250,594060
7950000,10065,9/24/22,5,5.0,"4,250",New York County,879665,31973,300250,594060
450000,10456,9/25/22,3,3.0,"1,298",Bronx County,565642,32035,44610,621050
6495000,11201,9/26/22,5,7.0,"5,444",Kings County (Brooklyn),1149461,48699,188640,1067440
729000,11354,9/27/22,2,1.0,"1,350",Queens County,1099996,39401,166650,1015040
599900,10451,9/28/22,5,2.0,"2,952",Bronx County,565642,32035,44610,621050
739000,11433,9/29/22,5,5.0,"2,108",Queens County,1099996,39401,166650,1015040
898000,11354,9/30/22,3,3.0,"1,056",Queens County,1099996,39401,166650,1015040
8100000,10013,10/1/22,3,3.0,"4,200",New York County,879665,31973,300250,594060
599999,10307,10/3/22,3,2.0,"1,596",Richmond County (Staten Island),213734,8585,55180,173430
1080000,11223,10/4/22,3,1.5,"1,428",Kings County (Brooklyn),1149461,48699,188640,1067440
300000,11209,10/5/22,1,1.0,900,Kings County (Brooklyn),1149461,48699,188640,1067440
218000,10030,10/6/22,2,1.0,800,New York County,879665,31973,300250,594060
675000,10012,10/7/22,2,1.0,"21,360",New York County,879665,31973,300250,594060
16500000,10128,10/9/22,7,10.0,"7,714",New York County,879665,31973,300250,594060
2000000,10011,10/10/22,2,2.0,"373,772",New York County,879665,31973,300250,594060
1399000,11385,10/11/22,4,4.0,"3,500",Queens County,1099996,39401,166650,1015040
595000,10305,10/12/22,4,2.0,900,Richmond County (Staten Island),213734,8585,55180,173430
880000,11379,10/13/22,3,2.0,"2,000",Queens County,1099996,39401,166650,1015040
1450000,11379,10/14/22,6,3.0,"3,298",Queens County,1099996,39401,166650,1015040
1800000,11201,10/15/22,2,1.0,"17,400",Kings County (Brooklyn),1149461,48699,188640,1067440
584900,10305,10/16/22,3,5.0,"1,290",Richmond County (Staten Island),213734,8585,55180,173430
1490000,11369,10/18/22,7,4.0,"3,800",Queens County,1099996,39401,166650,1015040
649000,11413,10/19/22,4,2.0,"1,235",Queens County,1099996,39401,166650,1015040
699900,10310,10/20/22,5,3.0,"3,455",Richmond County (Staten Island),213734,8585,55180,173430
950000,10016,10/21/22,3,3.0,"40,966",New York County,879665,31973,300250,594060
999000,11215,10/22/22,2,2.0,857,Kings County (Brooklyn),1149461,48699,188640,1067440
995000,10128,10/23/22,2,2.0,"1,050",New York County,879665,31973,300250,594060
739000,11435,10/24/22,3,2.0,"1,216",Queens County,1099996,39401,166650,1015040
579000,10305,10/26/22,4,1.0,"1,313",Richmond County (Staten Island),213734,8585,55180,173430
22500000,10011,10/27/22,5,6.0,"5,700",New York County,879665,31973,300250,594060
1100000,10023,10/28/22,2,3.0,"18,569",New York County,879665,31973,300250,594060
525000,11233,10/29/22,4,2.0,"1,504",Kings County (Brooklyn),1149461,48699,188640,1067440
409000,11375,10/30/22,1,1.0,650,Queens County,1099996,39401,166650,1015040
186000,11368,10/31/22,2,1.0,900,Queens County,1099996,39401,166650,1015040
1499000,11373,11/1/22,4,4.0,"2,400",Queens County,1099996,39401,166650,1015040
199000,11414,11/2/22,3,1.0,"2,880",Queens County,1099996,39401,166650,1015040
